{
    "type": "FeatureCollection",
    "features": [
        {
            "type": "Feature",
            "properties": {
                "original_Chron. No.": 1,
                "original_City’s No.": "#5",
                "original_  Initiated  ": "26 Feb 1975",
                "original_Notes": "#77000283, National Historic Landmark(22 Dec 1977)",
                "original_City": "Berkeley",
                "lat": 37.86552078551557,
                "lon": -122.25491439430056,
                "formatted": "2619 Dwight Way, Berkeley, CA 94704, United States of America",
                "name": "",
                "housenumber": 2619,
                "suburb": "",
                "street": "Dwight Way",
                "postcode": 94704,
                "county_code": "",
                "district": "Southside",
                "city": "Berkeley",
                "county": "Alameda County",
                "state": "California",
                "state_code": "CA",
                "country": "United States",
                "country_code": "us",
                "confidence": 1,
                "confidence_city_level": 1,
                "confidence_street_level": 1,
                "confidence_building_level": 1,
                "attribution": "© OpenStreetMap contributors",
                "attribution_license": "Open Database License",
                "attribution_url": "https://www.openstreetmap.org/copyright",
                "Address": "2619 Dwight Way",
                "Architect_Date": "Bernard Maybeck (1910)",
                "Designated": "15 Dec 1975",
                "Landmark": "First Church of Christ, Scientist"
            },
            "geometry": {
                "type": "Point",
                "coordinates": [
                    -122.2549144,
                    37.8655208
                ]
            }
        },
        {
            "type": "Feature",
            "properties": {
                "original_Chron. No.": 2,
                "original_City’s No.": "#6",
                "original_  Initiated  ": "26 Feb 1975",
                "original_Notes": "#86003361, National Register of Historic Places (1986)",
                "original_City": "Berkeley",
                "lat": 37.873833,
                "lon": -122.266321,
                "formatted": "Oxford Street & Hearst Avenue, Berkeley, CA 94709, United States of America",
                "name": "Oxford Street & Hearst Avenue",
                "housenumber": "",
                "suburb": "North",
                "street": "",
                "postcode": 94709,
                "county_code": "AA",
                "district": "",
                "city": "Berkeley",
                "county": "Alameda County",
                "state": "California",
                "state_code": "CA",
                "country": "United States",
                "country_code": "us",
                "confidence": 0,
                "confidence_city_level": 1,
                "confidence_street_level": "",
                "confidence_building_level": "",
                "attribution": "© OpenStreetMap contributors",
                "attribution_license": "Open Database License",
                "attribution_url": "https://www.openstreetmap.org/copyright",
                "Address": "1823 Ninth Street at Hearst Avenue",
                "Architect_Date": "Charles L. Bugbee (1878)",
                "Designated": "15 Dec 1975",
                "Landmark": "Church of the Good Shepherd, Episcopal"
            },
            "geometry": {
                "type": "Point",
                "coordinates": [
                    -122.266321,
                    37.873833
                ]
            }
        },
        {
            "type": "Feature",
            "properties": {
                "original_Chron. No.": 3,
                "original_City’s No.": "#7",
                "original_  Initiated  ": "26 Feb 1975",
                "original_Notes": "",
                "original_City": "Berkeley",
                "lat": 37.869583,
                "lon": -122.295679,
                "formatted": "926 Hearst Avenue, Berkeley, CA 94710, United States of America",
                "name": "",
                "housenumber": 926,
                "suburb": "West Berkeley",
                "street": "Hearst Avenue",
                "postcode": 94710,
                "county_code": "AA",
                "district": "",
                "city": "Berkeley",
                "county": "Alameda County",
                "state": "California",
                "state_code": "CA",
                "country": "United States",
                "country_code": "us",
                "confidence": 0.33333333333333337,
                "confidence_city_level": 1,
                "confidence_street_level": 0.33333333333333337,
                "confidence_building_level": 0.33333333333333337,
                "attribution": "© OpenAddresses contributors",
                "attribution_license": "BSD-3-Clause License",
                "attribution_url": "",
                "Address": "926 Hearst Avenue & 1901 Eighth Street",
                "Architect_Date": "Charles Geddes (1879)",
                "Designated": "15 Dec 1975",
                "Landmark": "Westminster Presbyterian Church"
            },
            "geometry": {
                "type": "Point",
                "coordinates": [
                    -122.295679,
                    37.869583
                ]
            }
        },
        {
            "type": "Feature",
            "properties": {
                "original_Chron. No.": 4,
                "original_City’s No.": "#8",
                "original_  Initiated  ": "26 Feb 1975",
                "original_Notes": "#74000507, National Register of Historic Places (1974)",
                "original_City": "Berkeley",
                "lat": 37.8622676,
                "lon": -122.25398558020007,
                "formatted": "Julia Morgan Center For The Arts, 2640 College Avenue, Berkeley, CA 94705, United States of America",
                "name": "Julia Morgan Center For The Arts",
                "housenumber": 2640,
                "suburb": "",
                "street": "College Avenue",
                "postcode": 94705,
                "county_code": "",
                "district": "Elmwood",
                "city": "Berkeley",
                "county": "Alameda County",
                "state": "California",
                "state_code": "CA",
                "country": "United States",
                "country_code": "us",
                "confidence": 1,
                "confidence_city_level": 1,
                "confidence_street_level": 1,
                "confidence_building_level": 1,
                "attribution": "© OpenStreetMap contributors",
                "attribution_license": "Open Database License",
                "attribution_url": "https://www.openstreetmap.org/copyright",
                "Address": "2640 College Avenue",
                "Architect_Date": "Julia Morgan (1908, 1910)",
                "Designated": "15 Dec 1975",
                "Landmark": "St. John’s Presbyterian Church (now Julia Morgan Center for the Arts)"
            },
            "geometry": {
                "type": "Point",
                "coordinates": [
                    -122.2539856,
                    37.8622676
                ]
            }
        },
        {
            "type": "Feature",
            "properties": {
                "original_Chron. No.": 5,
                "original_City’s No.": "#2",
                "original_  Initiated  ": "26 Feb 1975",
                "original_Notes": "California Historic Landmark No. 908\n#77000282, National Register of Historic Places (1977)",
                "original_City": "Berkeley",
                "lat": 37.8676834,
                "lon": -122.26228388526793,
                "formatted": "2315 Durant Avenue, Berkeley, CA 94701, United States of America",
                "name": "",
                "housenumber": 2315,
                "suburb": "",
                "street": "Durant Avenue",
                "postcode": 94701,
                "county_code": "",
                "district": "Southside",
                "city": "Berkeley",
                "county": "Alameda County",
                "state": "California",
                "state_code": "CA",
                "country": "United States",
                "country_code": "us",
                "confidence": 1,
                "confidence_city_level": 1,
                "confidence_street_level": 1,
                "confidence_building_level": 1,
                "attribution": "© OpenStreetMap contributors",
                "attribution_license": "Open Database License",
                "attribution_url": "https://www.openstreetmap.org/copyright",
                "Address": "2315 Durant Avenue",
                "Architect_Date": "Julia Morgan (1929–30)",
                "Designated": "15 Dec 1975",
                "Landmark": "Berkeley Women’s City Club (now Berkeley City Club)"
            },
            "geometry": {
                "type": "Point",
                "coordinates": [
                    -122.2622839,
                    37.8676834
                ]
            }
        },
        {
            "type": "Feature",
            "properties": {
                "original_Chron. No.": 6,
                "original_City’s No.": "#3",
                "original_  Initiated  ": "26 Feb 1975",
                "original_Notes": "",
                "original_City": "Berkeley",
                "lat": 37.864944,
                "lon": -122.260604,
                "formatted": "2401 Dwight Way, Berkeley, CA 94704, United States of America",
                "name": "",
                "housenumber": 2401,
                "suburb": "",
                "street": "Dwight Way",
                "postcode": 94704,
                "county_code": "",
                "district": "Southside",
                "city": "Berkeley",
                "county": "Alameda County",
                "state": "California",
                "state_code": "CA",
                "country": "United States",
                "country_code": "us",
                "confidence": 1,
                "confidence_city_level": 1,
                "confidence_street_level": 1,
                "confidence_building_level": 1,
                "attribution": "© OpenStreetMap contributors",
                "attribution_license": "Open Database License",
                "attribution_url": "https://www.openstreetmap.org/copyright",
                "Address": "2401 Dwight Way",
                "Architect_Date": "Bernard Maybeck (1899)",
                "Designated": "15 Dec 1975",
                "Landmark": "Town and Gown Club"
            },
            "geometry": {
                "type": "Point",
                "coordinates": [
                    -122.260604,
                    37.864944
                ]
            }
        },
        {
            "type": "Feature",
            "properties": {
                "original_Chron. No.": 7,
                "original_City’s No.": "#1",
                "original_  Initiated  ": "26 Feb 1975",
                "original_Notes": "Civic Center Historic District; #81000142, National Register of Historic \nPlaces (1998)",
                "original_City": "Berkeley",
                "lat": 37.865832,
                "lon": -122.297864,
                "formatted": "Berkeley, CA, United States of America",
                "name": "",
                "housenumber": "",
                "suburb": "",
                "street": "",
                "postcode": "",
                "county_code": "AA",
                "district": "",
                "city": "Berkeley",
                "county": "Alameda County",
                "state": "California",
                "state_code": "CA",
                "country": "United States",
                "country_code": "us",
                "confidence": 0.003748438150770514,
                "confidence_city_level": 0.25,
                "confidence_street_level": "",
                "confidence_building_level": "",
                "attribution": "Who's On First",
                "attribution_license": "CC0",
                "attribution_url": "https://www.whosonfirst.org/docs/licenses/",
                "Address": "2134 Grove Street (now Martin Luther King, Jr. Way)",
                "Architect_Date": "John Bakewell Jr. & Arthur M. Brown Jr. (1907)",
                "Designated": "15 Dec 1975",
                "Landmark": "Berkeley City Hall (Old City Hall; now Maudelle Shirek Building)"
            },
            "geometry": {
                "type": "Point",
                "coordinates": [
                    -122.297864,
                    37.865832
                ]
            }
        },
        {
            "type": "Feature",
            "properties": {
                "original_Chron. No.": 8,
                "original_City’s No.": "#4",
                "original_  Initiated  ": "26 Feb 1975",
                "original_Notes": "#78000647, National Register of Historic Places (1978)",
                "original_City": "Berkeley",
                "lat": 37.86902815000001,
                "lon": -122.25186016562063,
                "formatted": "2307 Piedmont Avenue, Berkeley, CA 94720, United States of America",
                "name": "",
                "housenumber": 2307,
                "suburb": "",
                "street": "Piedmont Avenue",
                "postcode": 94720,
                "county_code": "",
                "district": "Panoramic Hill",
                "city": "Berkeley",
                "county": "Alameda County",
                "state": "California",
                "state_code": "CA",
                "country": "United States",
                "country_code": "us",
                "confidence": 1,
                "confidence_city_level": 1,
                "confidence_street_level": 1,
                "confidence_building_level": 1,
                "attribution": "© OpenStreetMap contributors",
                "attribution_license": "Open Database License",
                "attribution_url": "https://www.openstreetmap.org/copyright",
                "Address": "2307 Piedmont Avenue",
                "Architect_Date": "Charles Sumner Greene & Henry Mather Greene (1908–10)",
                "Designated": "15 Dec 1975",
                "Landmark": "William R. Thorsen House (now Sigma Phi Society Chapter House)"
            },
            "geometry": {
                "type": "Point",
                "coordinates": [
                    -122.2518602,
                    37.8690282
                ]
            }
        },
        {
            "type": "Feature",
            "properties": {
                "original_Chron. No.": 9,
                "original_City’s No.": "#9",
                "original_  Initiated  ": "26 Feb 1975",
                "original_Notes": "Amended 25 Feb 1991 as Landmark #165to include Gutterson-designed cottages \n& Jessie D. Wallace House (Julia Morgan, 1910; 1923), 1400 Le Roy Avenue; \nCA State Historic Resources Inventory",
                "original_City": "Berkeley",
                "lat": 37.865832,
                "lon": -122.297864,
                "formatted": "Berkeley, CA, United States of America",
                "name": "",
                "housenumber": "",
                "suburb": "",
                "street": "",
                "postcode": "",
                "county_code": "AA",
                "district": "",
                "city": "Berkeley",
                "county": "Alameda County",
                "state": "California",
                "state_code": "CA",
                "country": "United States",
                "country_code": "us",
                "confidence": 0.25,
                "confidence_city_level": 1,
                "confidence_street_level": "",
                "confidence_building_level": "",
                "attribution": "Who's On First",
                "attribution_license": "CC0",
                "attribution_url": "https://www.whosonfirst.org/docs/licenses/",
                "Address": "2500 block of Rose Walk between Euclid & Le Roy Avenues",
                "Architect_Date": "Bernard Maybeck (1913); Dr. Frank Gray Cottages by Henry Higby Gutterson \n(1923–36)",
                "Designated": "15 Dec 1975",
                "Landmark": "Rose Walk"
            },
            "geometry": {
                "type": "Point",
                "coordinates": [
                    -122.297864,
                    37.865832
                ]
            }
        },
        {
            "type": "Feature",
            "properties": {
                "original_Chron. No.": 10,
                "original_City’s No.": "#117",
                "original_  Initiated  ": "",
                "original_Notes": "Structure of Merit\nDesignated Landmark on 16 Mar 1987",
                "original_City": "Berkeley",
                "lat": 37.876433,
                "lon": -122.282717,
                "formatted": "Sacramento Street & Cedar Street, Westbrae, Berkeley, CA, United States of America",
                "name": "Sacramento Street & Cedar Street",
                "housenumber": "",
                "suburb": "Westbrae",
                "street": "",
                "postcode": "",
                "county_code": "AA",
                "district": "",
                "city": "Berkeley",
                "county": "Alameda County",
                "state": "California",
                "state_code": "CA",
                "country": "United States",
                "country_code": "us",
                "confidence": 0,
                "confidence_city_level": 1,
                "confidence_street_level": "",
                "confidence_building_level": "",
                "attribution": "© OpenStreetMap contributors",
                "attribution_license": "Open Database License",
                "attribution_url": "https://www.openstreetmap.org/copyright",
                "Address": "1475 Rose Street at Sacramento Street",
                "Architect_Date": "Henry Higby Gutterson (c. 1921); William C. Hays (1927)",
                "Designated": "11 May 1976",
                "Landmark": "Old Jefferson Elementary School"
            },
            "geometry": {
                "type": "Point",
                "coordinates": [
                    -122.282717,
                    37.876433
                ]
            }
        },
        {
            "type": "Feature",
            "properties": {
                "original_Chron. No.": 11,
                "original_City’s No.": "#11",
                "original_  Initiated  ": "24 Feb 1976",
                "original_Notes": "CA State Historic Resources Inventory",
                "original_City": "Berkeley",
                "lat": 37.861897483765155,
                "lon": -122.2954007583479,
                "formatted": "839 Channing Way, Berkeley, CA 94710, United States of America",
                "name": "",
                "housenumber": 839,
                "suburb": "",
                "street": "Channing Way",
                "postcode": 94710,
                "county_code": "",
                "district": "Poets Corner",
                "city": "Berkeley",
                "county": "Alameda County",
                "state": "California",
                "state_code": "CA",
                "country": "United States",
                "country_code": "us",
                "confidence": 1,
                "confidence_city_level": 1,
                "confidence_street_level": 1,
                "confidence_building_level": 1,
                "attribution": "© OpenStreetMap contributors",
                "attribution_license": "Open Database License",
                "attribution_url": "https://www.openstreetmap.org/copyright",
                "Address": "839 Channing Way",
                "Architect_Date": -1889,
                "Designated": "21 Jun 1976",
                "Landmark": "Edward F. Niehaus House"
            },
            "geometry": {
                "type": "Point",
                "coordinates": [
                    -122.2954008,
                    37.8618975
                ]
            }
        },
        {
            "type": "Feature",
            "properties": {
                "original_Chron. No.": 12,
                "original_City’s No.": "#14",
                "original_  Initiated  ": "24 Feb 1976",
                "original_Notes": "CA State Historic Resources Inventory",
                "original_City": "Berkeley",
                "lat": 37.8747811,
                "lon": -122.26359261951185,
                "formatted": "2300 Le Conte Avenue, Berkeley, CA 94709, United States of America",
                "name": "",
                "housenumber": 2300,
                "suburb": "",
                "street": "Le Conte Avenue",
                "postcode": 94709,
                "county_code": "",
                "district": "Northside",
                "city": "Berkeley",
                "county": "Alameda County",
                "state": "California",
                "state_code": "CA",
                "country": "United States",
                "country_code": "us",
                "confidence": 1,
                "confidence_city_level": 1,
                "confidence_street_level": 1,
                "confidence_building_level": 1,
                "attribution": "© OpenStreetMap contributors",
                "attribution_license": "Open Database License",
                "attribution_url": "https://www.openstreetmap.org/copyright",
                "Address": "2300 Le Conte Avenue",
                "Architect_Date": "John B. Anthony (1936)",
                "Designated": "21 Jun 1976",
                "Landmark": "Joseph W. Harris House"
            },
            "geometry": {
                "type": "Point",
                "coordinates": [
                    -122.2635926,
                    37.8747811
                ]
            }
        },
        {
            "type": "Feature",
            "properties": {
                "original_Chron. No.": 13,
                "original_City’s No.": "#10",
                "original_  Initiated  ": "24 Feb 1976",
                "original_Notes": "#7001176, National Register of Historic Places (15 Nov 2007)",
                "original_City": "Berkeley",
                "lat": 37.850993,
                "lon": -122.270586,
                "formatted": "Adeline Street & Fairview Street, South Berkeley, Berkeley, CA, United States of America",
                "name": "Adeline Street & Fairview Street",
                "housenumber": "",
                "suburb": "South Berkeley",
                "street": "",
                "postcode": "",
                "county_code": "AA",
                "district": "",
                "city": "Berkeley",
                "county": "Alameda County",
                "state": "California",
                "state_code": "CA",
                "country": "United States",
                "country_code": "us",
                "confidence": 0,
                "confidence_city_level": 1,
                "confidence_street_level": "",
                "confidence_building_level": "",
                "attribution": "© OpenStreetMap contributors",
                "attribution_license": "Open Database License",
                "attribution_url": "https://www.openstreetmap.org/copyright",
                "Address": "1802 Fairview Street at Ellis Street",
                "Architect_Date": "Hugo W. Storch (1912)",
                "Designated": "21 Jun 1976",
                "Landmark": "Park Congregational Church (now South Berkeley Community Church)"
            },
            "geometry": {
                "type": "Point",
                "coordinates": [
                    -122.270586,
                    37.850993
                ]
            }
        },
        {
            "type": "Feature",
            "properties": {
                "original_Chron. No.": 14,
                "original_City’s No.": "#13",
                "original_  Initiated  ": "24 Feb 1976",
                "original_Notes": "#78000643, National Register of Historic Places (1990); house destroyed by \nfires in 1984 & ’85 and demolished in 1988",
                "original_City": "Berkeley",
                "lat": 37.8839719,
                "lon": -122.26670418741598,
                "formatted": "Congregation Beth El, 1301 Oxford Street, Berkeley, CA 94709, United States of America",
                "name": "Congregation Beth El",
                "housenumber": 1301,
                "suburb": "",
                "street": "Oxford Street",
                "postcode": 94709,
                "county_code": "",
                "district": "Gourmet Ghetto",
                "city": "Berkeley",
                "county": "Alameda County",
                "state": "California",
                "state_code": "CA",
                "country": "United States",
                "country_code": "us",
                "confidence": 1,
                "confidence_city_level": 1,
                "confidence_street_level": 1,
                "confidence_building_level": 1,
                "attribution": "© OpenStreetMap contributors",
                "attribution_license": "Open Database License",
                "attribution_url": "https://www.openstreetmap.org/copyright",
                "Address": "1301 Oxford Street",
                "Architect_Date": -1868,
                "Designated": "21 Jun 1976",
                "Landmark": "Napoleon Bonaparte Byrne House & Grounds (The Cedars)"
            },
            "geometry": {
                "type": "Point",
                "coordinates": [
                    -122.2667042,
                    37.8839719
                ]
            }
        },
        {
            "type": "Feature",
            "properties": {
                "original_Chron. No.": 15,
                "original_City’s No.": "#12",
                "original_  Initiated  ": "24 Feb 1976",
                "original_Notes": "CA State Historic Resources Inventory",
                "original_City": "Berkeley",
                "lat": 37.87913,
                "lon": -122.267292,
                "formatted": "1536 Oxford Street, Berkeley, CA 94709, United States of America",
                "name": "",
                "housenumber": 1536,
                "suburb": "North",
                "street": "Oxford Street",
                "postcode": 94709,
                "county_code": "AA",
                "district": "",
                "city": "Berkeley",
                "county": "Alameda County",
                "state": "California",
                "state_code": "CA",
                "country": "United States",
                "country_code": "us",
                "confidence": 1,
                "confidence_city_level": 1,
                "confidence_street_level": 1,
                "confidence_building_level": 1,
                "attribution": "© OpenAddresses contributors",
                "attribution_license": "BSD-3-Clause License",
                "attribution_url": "",
                "Address": "1536 Oxford Street",
                "Architect_Date": "Julius E. Krafft (1889)",
                "Designated": "21 Jun 1976",
                "Landmark": "Captain Charles C. Boudrow House (Boudrow House at Sea Captain Corner)"
            },
            "geometry": {
                "type": "Point",
                "coordinates": [
                    -122.267292,
                    37.87913
                ]
            }
        },
        {
            "type": "Feature",
            "properties": {
                "original_Chron. No.": 16,
                "original_City’s No.": "#15",
                "original_  Initiated  ": "24 Feb 1976",
                "original_Notes": "CA State Historic Resources Inventory",
                "original_City": "Berkeley",
                "lat": 37.8812407,
                "lon": -122.25805820220208,
                "formatted": "1515 La Loma Avenue, Berkeley, CA 94708, United States of America",
                "name": "",
                "housenumber": 1515,
                "suburb": "",
                "street": "La Loma Avenue",
                "postcode": 94708,
                "county_code": "",
                "district": "Northside",
                "city": "Berkeley",
                "county": "Alameda County",
                "state": "California",
                "state_code": "CA",
                "country": "United States",
                "country_code": "us",
                "confidence": 1,
                "confidence_city_level": 1,
                "confidence_street_level": 1,
                "confidence_building_level": 1,
                "attribution": "© OpenStreetMap contributors",
                "attribution_license": "Open Database License",
                "attribution_url": "https://www.openstreetmap.org/copyright",
                "Address": "1515 La Loma Avenue",
                "Architect_Date": "Bernard Maybeck (1907–08)",
                "Designated": "16 Aug 1976",
                "Landmark": "Andrew Cowper Lawson House"
            },
            "geometry": {
                "type": "Point",
                "coordinates": [
                    -122.2580582,
                    37.8812407
                ]
            }
        },
        {
            "type": "Feature",
            "properties": {
                "original_Chron. No.": 17,
                "original_City’s No.": "#16",
                "original_  Initiated  ": "20 Sep 1976",
                "original_Notes": "#76000475, National Register of Historic Places (1982)",
                "original_City": "Berkeley",
                "lat": 37.872724,
                "lon": -122.277719,
                "formatted": "Hearst Avenue, Berkeley, CA 94703, United States of America",
                "name": "",
                "housenumber": "",
                "suburb": "Central",
                "street": "Hearst Avenue",
                "postcode": 94703,
                "county_code": "AA",
                "district": "",
                "city": "Berkeley",
                "county": "Alameda County",
                "state": "California",
                "state_code": "CA",
                "country": "United States",
                "country_code": "us",
                "confidence": 0,
                "confidence_city_level": 1,
                "confidence_street_level": "",
                "confidence_building_level": "",
                "attribution": "© OpenStreetMap contributors",
                "attribution_license": "Open Database License",
                "attribution_url": "https://www.openstreetmap.org/copyright",
                "Address": "Hearst Avenue, University of California Campus",
                "Architect_Date": "John Galen Howard (1913–14)",
                "Designated": "18 Oct 1976",
                "Landmark": "Drawing Building (Naval Architecture Building, now Richard C. Blum Hall)"
            },
            "geometry": {
                "type": "Point",
                "coordinates": [
                    -122.277719,
                    37.872724
                ]
            }
        },
        {
            "type": "Feature",
            "properties": {
                "original_Chron. No.": 18,
                "original_City’s No.": "#159",
                "original_  Initiated  ": "20 Sep 1976",
                "original_Notes": "California Historic Landmark No. 946\n#82004648, National Register of Historic Places (1982)",
                "original_City": "Berkeley",
                "lat": 37.872724,
                "lon": -122.277719,
                "formatted": "Hearst Avenue, Berkeley, CA 94703, United States of America",
                "name": "",
                "housenumber": "",
                "suburb": "Central",
                "street": "Hearst Avenue",
                "postcode": 94703,
                "county_code": "AA",
                "district": "",
                "city": "Berkeley",
                "county": "Alameda County",
                "state": "California",
                "state_code": "CA",
                "country": "United States",
                "country_code": "us",
                "confidence": 0,
                "confidence_city_level": 1,
                "confidence_street_level": "",
                "confidence_building_level": "",
                "attribution": "© OpenStreetMap contributors",
                "attribution_license": "Open Database License",
                "attribution_url": "https://www.openstreetmap.org/copyright",
                "Address": "Hearst Avenue, University of California Campus",
                "Architect_Date": "John Galen Howard (1906)",
                "Designated": "15 Nov 1976; (assigned new number on 2 Feb 1991",
                "Landmark": "North Gate Hall (Architecture Building, now Graduate School of Journalism)"
            },
            "geometry": {
                "type": "Point",
                "coordinates": [
                    -122.277719,
                    37.872724
                ]
            }
        },
        {
            "type": "Feature",
            "properties": {
                "original_Chron. No.": 19,
                "original_City’s No.": "#18",
                "original_  Initiated  ": "21 May 1976",
                "original_Notes": "#77000281, National Register of Historic Places (1977)",
                "original_City": "Berkeley",
                "lat": 37.86644077669805,
                "lon": -122.29713654631844,
                "formatted": "2031 Sixth Street, Berkeley, CA 94710, United States of America",
                "name": "",
                "housenumber": 2031,
                "suburb": "",
                "street": "Sixth Street",
                "postcode": 94710,
                "county_code": "",
                "district": "West Berkeley",
                "city": "Berkeley",
                "county": "Alameda County",
                "state": "California",
                "state_code": "CA",
                "country": "United States",
                "country_code": "us",
                "confidence": 1,
                "confidence_city_level": 1,
                "confidence_street_level": 1,
                "confidence_building_level": 1,
                "attribution": "© OpenStreetMap contributors",
                "attribution_license": "Open Database License",
                "attribution_url": "https://www.openstreetmap.org/copyright",
                "Address": "2031 Sixth Street",
                "Architect_Date": "Walter H. Ratcliff, Jr. (1927)",
                "Designated": "22 Feb 1977",
                "Landmark": "Berkeley Day Nursery (West Berkeley Children’s Center)"
            },
            "geometry": {
                "type": "Point",
                "coordinates": [
                    -122.2971365,
                    37.8664408
                ]
            }
        },
        {
            "type": "Feature",
            "properties": {
                "original_Chron. No.": 20,
                "original_City’s No.": "#19",
                "original_  Initiated  ": "17 Jan 1977",
                "original_Notes": "CA State Historic Resources Inventory",
                "original_City": "Berkeley",
                "lat": 37.883024,
                "lon": -122.260607,
                "formatted": "1401 Le Roy Avenue, Berkeley, CA 94708, United States of America",
                "name": "",
                "housenumber": 1401,
                "suburb": "",
                "street": "Le Roy Avenue",
                "postcode": 94708,
                "county_code": "",
                "district": "Northside",
                "city": "Berkeley",
                "county": "Alameda County",
                "state": "California",
                "state_code": "CA",
                "country": "United States",
                "country_code": "us",
                "confidence": 1,
                "confidence_city_level": 1,
                "confidence_street_level": 1,
                "confidence_building_level": 1,
                "attribution": "© OpenStreetMap contributors",
                "attribution_license": "Open Database License",
                "attribution_url": "https://www.openstreetmap.org/copyright",
                "Address": "1401 Le Roy Avenue",
                "Architect_Date": "John Galen Howard (1912)",
                "Designated": "21 Mar 1977",
                "Landmark": "John Galen Howard House (“Rose Le Roy”)"
            },
            "geometry": {
                "type": "Point",
                "coordinates": [
                    -122.260607,
                    37.883024
                ]
            }
        },
        {
            "type": "Feature",
            "properties": {
                "original_Chron. No.": 21,
                "original_City’s No.": "#20",
                "original_  Initiated  ": "12 Sep 1977",
                "original_Notes": "#78000644, National Register of Historic Places (1978)",
                "original_City": "Berkeley",
                "lat": 37.86852750220781,
                "lon": -122.28978023405756,
                "formatted": "2071 Addison Street, Berkeley, CA 94702, United States of America",
                "name": "",
                "housenumber": 2071,
                "suburb": "",
                "street": "Addison Street",
                "postcode": 94702,
                "county_code": "",
                "district": "Poets Corner",
                "city": "Berkeley",
                "county": "Alameda County",
                "state": "California",
                "state_code": "CA",
                "country": "United States",
                "country_code": "us",
                "confidence": 1,
                "confidence_city_level": 1,
                "confidence_street_level": 1,
                "confidence_building_level": 1,
                "attribution": "© OpenStreetMap contributors",
                "attribution_license": "Open Database License",
                "attribution_url": "https://www.openstreetmap.org/copyright",
                "Address": "2071 Addison Street",
                "Architect_Date": "Clinton Day (1905)",
                "Designated": "17 Oct 1977",
                "Landmark": "Golden Sheaf Bakery"
            },
            "geometry": {
                "type": "Point",
                "coordinates": [
                    -122.2897802,
                    37.8685275
                ]
            }
        },
        {
            "type": "Feature",
            "properties": {
                "original_Chron. No.": 22,
                "original_City’s No.": "#21",
                "original_  Initiated  ": "9 Nov 1977",
                "original_Notes": "Structure of Merit\nMoved from 1620 Sixth St. in 1978",
                "original_City": "Berkeley",
                "lat": 37.8728557,
                "lon": -122.30021990556446,
                "formatted": "1629 Fifth Street, Berkeley, CA 94710, United States of America",
                "name": "",
                "housenumber": 1629,
                "suburb": "",
                "street": "Fifth Street",
                "postcode": 94710,
                "county_code": "",
                "district": "Ocean View",
                "city": "Berkeley",
                "county": "Alameda County",
                "state": "California",
                "state_code": "CA",
                "country": "United States",
                "country_code": "us",
                "confidence": 1,
                "confidence_city_level": 1,
                "confidence_street_level": 1,
                "confidence_building_level": 1,
                "attribution": "© OpenStreetMap contributors",
                "attribution_license": "Open Database License",
                "attribution_url": "https://www.openstreetmap.org/copyright",
                "Address": "1629 Fifth Street",
                "Architect_Date": "Mary Jucksch or Charles R. Brown (c. 1889)",
                "Designated": "19 Dec 1977",
                "Landmark": "Borja House (Jucksch Cottage)"
            },
            "geometry": {
                "type": "Point",
                "coordinates": [
                    -122.3002199,
                    37.8728557
                ]
            }
        },
        {
            "type": "Feature",
            "properties": {
                "original_Chron. No.": 23,
                "original_City’s No.": "#22",
                "original_  Initiated  ": "17 Oct 1977",
                "original_Notes": "CA State Historic Resources Inventory",
                "original_City": "Berkeley",
                "lat": 37.86426508333333,
                "lon": -122.26724816666668,
                "formatted": "2486 Shattuck Avenue, Berkeley, CA 94704, United States of America",
                "name": "",
                "housenumber": 2486,
                "suburb": "",
                "street": "Shattuck Avenue",
                "postcode": 94704,
                "county_code": "",
                "district": "LeConte",
                "city": "Berkeley",
                "county": "Alameda County",
                "state": "California",
                "state_code": "CA",
                "country": "United States",
                "country_code": "us",
                "confidence": 1,
                "confidence_city_level": 1,
                "confidence_street_level": 1,
                "confidence_building_level": 1,
                "attribution": "© OpenStreetMap contributors",
                "attribution_license": "Open Database License",
                "attribution_url": "https://www.openstreetmap.org/copyright",
                "Address": "2486 Shattuck Avenue",
                "Architect_Date": "A.W. Smith (1905)",
                "Designated": "16 Jan 1978",
                "Landmark": "Barker Block"
            },
            "geometry": {
                "type": "Point",
                "coordinates": [
                    -122.2672482,
                    37.8642651
                ]
            }
        },
        {
            "type": "Feature",
            "properties": {
                "original_Chron. No.": 24,
                "original_City’s No.": "#23",
                "original_  Initiated  ": "17 Apr 1978",
                "original_Notes": "#78000645, National Register of Historic Places (1978)",
                "original_City": "Berkeley",
                "lat": 37.8649135,
                "lon": -122.2679298,
                "formatted": "Haste Street & Shattuck Avenue, 2440 Shattuck Avenue, Berkeley, CA 94701, United States of America",
                "name": "Haste Street & Shattuck Avenue",
                "housenumber": 2440,
                "suburb": "",
                "street": "Shattuck Avenue",
                "postcode": 94701,
                "county_code": "",
                "district": "Downtown Berkeley",
                "city": "Berkeley",
                "county": "Alameda County",
                "state": "California",
                "state_code": "CA",
                "country": "United States",
                "country_code": "us",
                "confidence": 0.2,
                "confidence_city_level": 1,
                "confidence_street_level": 0.4,
                "confidence_building_level": 0.0060759493670886075,
                "attribution": "© OpenStreetMap contributors",
                "attribution_license": "Open Database License",
                "attribution_url": "https://www.openstreetmap.org/copyright",
                "Address": "2045 Shattuck Avenue at Addison Street",
                "Architect_Date": -1905,
                "Designated": "15 May 1978",
                "Landmark": "The Studio Building (The Berkeley Hotel)"
            },
            "geometry": {
                "type": "Point",
                "coordinates": [
                    -122.2679298,
                    37.8649135
                ]
            }
        },
        {
            "type": "Feature",
            "properties": {
                "original_Chron. No.": 25,
                "original_City’s No.": "#24",
                "original_  Initiated  ": "25 Sep 1978",
                "original_Notes": "#82002159, National Register of Historic Places (1982)",
                "original_City": "Berkeley",
                "lat": 37.8705689,
                "lon": -122.2829781,
                "formatted": "1475 University Avenue, Berkeley, CA 94702, United States of America",
                "name": "University Avenue",
                "housenumber": 1475,
                "suburb": "Central",
                "street": "University Avenue",
                "postcode": 94702,
                "county_code": "AA",
                "district": "Central Berkeley",
                "city": "Berkeley",
                "county": "Alameda County",
                "state": "California",
                "state_code": "CA",
                "country": "United States",
                "country_code": "us",
                "confidence": 0.7,
                "confidence_city_level": 1,
                "confidence_street_level": 1,
                "confidence_building_level": 0.7,
                "attribution": "© OpenStreetMap contributors",
                "attribution_license": "Open Database License",
                "attribution_url": "https://www.openstreetmap.org/copyright",
                "Address": "1472–1478 University Avenue",
                "Architect_Date": "Fox Brothers; Carl Fox, designer (1928–30)",
                "Designated": "20 Nov 1978",
                "Landmark": "Fox Court"
            },
            "geometry": {
                "type": "Point",
                "coordinates": [
                    -122.2829781,
                    37.8705689
                ]
            }
        },
        {
            "type": "Feature",
            "properties": {
                "original_Chron. No.": 26,
                "original_City’s No.": "#25",
                "original_  Initiated  ": "8 Dec 1978",
                "original_Notes": "CA State Historic Resources Inventory",
                "original_City": "Berkeley",
                "lat": 37.871775765625,
                "lon": -122.272373734375,
                "formatted": "1940 University Avenue, Berkeley, CA 94704, United States of America",
                "name": "",
                "housenumber": 1940,
                "suburb": "",
                "street": "University Avenue",
                "postcode": 94704,
                "county_code": "",
                "district": "Downtown Berkeley",
                "city": "Berkeley",
                "county": "Alameda County",
                "state": "California",
                "state_code": "CA",
                "country": "United States",
                "country_code": "us",
                "confidence": 1,
                "confidence_city_level": 1,
                "confidence_street_level": 1,
                "confidence_building_level": 1,
                "attribution": "© OpenStreetMap contributors",
                "attribution_license": "Open Database License",
                "attribution_url": "https://www.openstreetmap.org/copyright",
                "Address": "1940 University Avenue",
                "Architect_Date": "George L. Mohr (1905)",
                "Designated": "15 Jan 1979",
                "Landmark": "Bonita Apartments"
            },
            "geometry": {
                "type": "Point",
                "coordinates": [
                    -122.2723737,
                    37.8717758
                ]
            }
        },
        {
            "type": "Feature",
            "properties": {
                "original_Chron. No.": 27,
                "original_City’s No.": "#26",
                "original_  Initiated  ": "20 Nov 1978",
                "original_Notes": "",
                "original_City": "Berkeley",
                "lat": 37.8729334,
                "lon": -122.2718197,
                "formatted": "1915 Bonita Avenue, Berkeley, CA 94704, United States of America",
                "name": "Bonita Avenue",
                "housenumber": 1915,
                "suburb": "North",
                "street": "Bonita Avenue",
                "postcode": 94704,
                "county_code": "AA",
                "district": "North Berkeley",
                "city": "Berkeley",
                "county": "Alameda County",
                "state": "California",
                "state_code": "CA",
                "country": "United States",
                "country_code": "us",
                "confidence": 0.7,
                "confidence_city_level": 1,
                "confidence_street_level": 1,
                "confidence_building_level": 0.7,
                "attribution": "© OpenStreetMap contributors",
                "attribution_license": "Open Database License",
                "attribution_url": "https://www.openstreetmap.org/copyright",
                "Address": "1912–1918 Bonita Avenue",
                "Architect_Date": "William G. Black (1905); remodel: Clarence W. W. Mayhew (1936)",
                "Designated": "20 Feb 1979",
                "Landmark": "Bonita Hall (Berkeley Bay Commons)"
            },
            "geometry": {
                "type": "Point",
                "coordinates": [
                    -122.2718197,
                    37.8729334
                ]
            }
        },
        {
            "type": "Feature",
            "properties": {
                "original_Chron. No.": 28,
                "original_City’s No.": "#28",
                "original_  Initiated  ": "20 Mar 1979",
                "original_Notes": "CA State Historic Resources Inventory",
                "original_City": "Berkeley",
                "lat": 37.8693549,
                "lon": -122.2995557042595,
                "formatted": "1824 Fifth Street, Berkeley, CA 94710, United States of America",
                "name": "",
                "housenumber": 1824,
                "suburb": "4th Street Shops",
                "street": "Fifth Street",
                "postcode": 94710,
                "county_code": "",
                "district": "",
                "city": "Berkeley",
                "county": "Alameda County",
                "state": "California",
                "state_code": "CA",
                "country": "United States",
                "country_code": "us",
                "confidence": 1,
                "confidence_city_level": 1,
                "confidence_street_level": 1,
                "confidence_building_level": 1,
                "attribution": "© OpenStreetMap contributors",
                "attribution_license": "Open Database License",
                "attribution_url": "https://www.openstreetmap.org/copyright",
                "Address": "1824 Fifth Street",
                "Architect_Date": "Joseph Alfonso (1870s)",
                "Designated": "14 May 1979",
                "Landmark": "Manuel Silva House"
            },
            "geometry": {
                "type": "Point",
                "coordinates": [
                    -122.2995557,
                    37.8693549
                ]
            }
        },
        {
            "type": "Feature",
            "properties": {
                "original_Chron. No.": 29,
                "original_City’s No.": "#27",
                "original_  Initiated  ": "15 Mar 1979",
                "original_Notes": "CA State Historic Resources Inventory",
                "original_City": "Berkeley",
                "lat": 37.8591878,
                "lon": -122.24786632667735,
                "formatted": "2911 Russell Street, Berkeley, CA 94168, United States of America",
                "name": "",
                "housenumber": 2911,
                "suburb": "",
                "street": "Russell Street",
                "postcode": 94168,
                "county_code": "",
                "district": "Claremont",
                "city": "Berkeley",
                "county": "Alameda County",
                "state": "California",
                "state_code": "CA",
                "country": "United States",
                "country_code": "us",
                "confidence": 1,
                "confidence_city_level": 1,
                "confidence_street_level": 1,
                "confidence_building_level": 1,
                "attribution": "© OpenStreetMap contributors",
                "attribution_license": "Open Database License",
                "attribution_url": "https://www.openstreetmap.org/copyright",
                "Address": "2911 Russell Street",
                "Architect_Date": "D.J. Patterson (1908)",
                "Designated": "14 May 1979",
                "Landmark": "Jeremiah T. Burke House (Judah L. Magnes Memorial Museum 1966–2009)"
            },
            "geometry": {
                "type": "Point",
                "coordinates": [
                    -122.2478663,
                    37.8591878
                ]
            }
        },
        {
            "type": "Feature",
            "properties": {
                "original_Chron. No.": 30,
                "original_City’s No.": "#29",
                "original_  Initiated  ": "18 Dec 1978",
                "original_Notes": "CA State Historic Resources Inventory",
                "original_City": "Berkeley",
                "lat": 37.86798109090909,
                "lon": -122.26766048484848,
                "formatted": "2276 Shattuck Avenue, Berkeley, CA 94704, United States of America",
                "name": "",
                "housenumber": 2276,
                "suburb": "",
                "street": "Shattuck Avenue",
                "postcode": 94704,
                "county_code": "",
                "district": "Downtown Berkeley",
                "city": "Berkeley",
                "county": "Alameda County",
                "state": "California",
                "state_code": "CA",
                "country": "United States",
                "country_code": "us",
                "confidence": 1,
                "confidence_city_level": 1,
                "confidence_street_level": 1,
                "confidence_building_level": 1,
                "attribution": "© OpenStreetMap contributors",
                "attribution_license": "Open Database License",
                "attribution_url": "https://www.openstreetmap.org/copyright",
                "Address": "2276 Shattuck Avenue",
                "Architect_Date": "Dickey & Reed (1906)",
                "Designated": "18 Jun 1979",
                "Landmark": "Morse Block (Donogh Arms)"
            },
            "geometry": {
                "type": "Point",
                "coordinates": [
                    -122.2676605,
                    37.8679811
                ]
            }
        },
        {
            "type": "Feature",
            "properties": {
                "original_Chron. No.": 31,
                "original_City’s No.": "#31",
                "original_  Initiated  ": "18 Jun 1979",
                "original_Notes": "#78000647, National Register of Historic Places (1978)",
                "original_City": "Berkeley",
                "lat": 37.87115110958471,
                "lon": -122.29396578237545,
                "formatted": "1819 Tenth Street, Berkeley, CA 94710, United States of America",
                "name": "",
                "housenumber": 1819,
                "suburb": "",
                "street": "Tenth Street",
                "postcode": 94710,
                "county_code": "",
                "district": "West Berkeley",
                "city": "Berkeley",
                "county": "Alameda County",
                "state": "California",
                "state_code": "CA",
                "country": "United States",
                "country_code": "us",
                "confidence": 1,
                "confidence_city_level": 1,
                "confidence_street_level": 1,
                "confidence_building_level": 1,
                "attribution": "© OpenStreetMap contributors",
                "attribution_license": "Open Database License",
                "attribution_url": "https://www.openstreetmap.org/copyright",
                "Address": "1819 Tenth Street",
                "Architect_Date": "August Trille (1908)",
                "Designated": "16 Jul 1979",
                "Landmark": "Toverii Tuppa (Finnish Hall)"
            },
            "geometry": {
                "type": "Point",
                "coordinates": [
                    -122.2939658,
                    37.8711511
                ]
            }
        },
        {
            "type": "Feature",
            "properties": {
                "original_Chron. No.": 32,
                "original_City’s No.": "#30",
                "original_  Initiated  ": "13 Jun 1979",
                "original_Notes": "CA State Historic Resources Inventory",
                "original_City": "Berkeley",
                "lat": 37.87295305,
                "lon": -122.27024660483947,
                "formatted": "2009 Berkeley Way, Berkeley, CA 94704, United States of America",
                "name": "",
                "housenumber": 2009,
                "suburb": "",
                "street": "Berkeley Way",
                "postcode": 94704,
                "county_code": "",
                "district": "Downtown Berkeley",
                "city": "Berkeley",
                "county": "Alameda County",
                "state": "California",
                "state_code": "CA",
                "country": "United States",
                "country_code": "us",
                "confidence": 1,
                "confidence_city_level": 1,
                "confidence_street_level": 1,
                "confidence_building_level": 1,
                "attribution": "© OpenStreetMap contributors",
                "attribution_license": "Open Database License",
                "attribution_url": "https://www.openstreetmap.org/copyright",
                "Address": "2009 Berkeley Way",
                "Architect_Date": "(c. 1886)",
                "Designated": "16 Jul 1979",
                "Landmark": "Samuel C. Clark Cottage (Morning Glory House; Dick Moore’s; Joseph Clapp \nCottage)"
            },
            "geometry": {
                "type": "Point",
                "coordinates": [
                    -122.2702466,
                    37.872953
                ]
            }
        },
        {
            "type": "Feature",
            "properties": {
                "original_Chron. No.": 33,
                "original_City’s No.": "#32",
                "original_  Initiated  ": "1 Aug 1979",
                "original_Notes": "CA State Historic Resources Inventory",
                "original_City": "Berkeley",
                "lat": 37.8698471,
                "lon": -122.29976984392403,
                "formatted": "1808 Fifth Street, Berkeley, CA 94710, United States of America",
                "name": "",
                "housenumber": 1808,
                "suburb": "4th Street Shops",
                "street": "Fifth Street",
                "postcode": 94710,
                "county_code": "",
                "district": "",
                "city": "Berkeley",
                "county": "Alameda County",
                "state": "California",
                "state_code": "CA",
                "country": "United States",
                "country_code": "us",
                "confidence": 1,
                "confidence_city_level": 1,
                "confidence_street_level": 1,
                "confidence_building_level": 1,
                "attribution": "© OpenStreetMap contributors",
                "attribution_license": "Open Database License",
                "attribution_url": "https://www.openstreetmap.org/copyright",
                "Address": "1808 Fifth Street",
                "Architect_Date": -1878,
                "Designated": "17 Sep 1979",
                "Landmark": "Charles W. Heywood House (Estrada House)"
            },
            "geometry": {
                "type": "Point",
                "coordinates": [
                    -122.2997698,
                    37.8698471
                ]
            }
        },
        {
            "type": "Feature",
            "properties": {
                "original_Chron. No.": 34,
                "original_City’s No.": "#33",
                "original_  Initiated  ": "17 Sep 1979",
                "original_Notes": "#82002157, National Register of Historic Places (1982)",
                "original_City": "Berkeley",
                "lat": 37.8689722,
                "lon": -122.25507384179377,
                "formatted": "Bancroft Hotel, 2680 Bancroft Way, Berkeley, CA 94720, United States of America",
                "name": "Bancroft Hotel",
                "housenumber": 2680,
                "suburb": "",
                "street": "Bancroft Way",
                "postcode": 94720,
                "county_code": "",
                "district": "Southside",
                "city": "Berkeley",
                "county": "Alameda County",
                "state": "California",
                "state_code": "CA",
                "country": "United States",
                "country_code": "us",
                "confidence": 1,
                "confidence_city_level": 1,
                "confidence_street_level": 1,
                "confidence_building_level": 1,
                "attribution": "© OpenStreetMap contributors",
                "attribution_license": "Open Database License",
                "attribution_url": "https://www.openstreetmap.org/copyright",
                "Address": "2680 Bancroft Way",
                "Architect_Date": "Walter T. Steilberg (1928)",
                "Designated": "19 Nov 1979",
                "Landmark": "College Women’s Club (now Bancroft Hotel)"
            },
            "geometry": {
                "type": "Point",
                "coordinates": [
                    -122.2550738,
                    37.8689722
                ]
            }
        },
        {
            "type": "Feature",
            "properties": {
                "original_Chron. No.": 35,
                "original_City’s No.": "#35",
                "original_  Initiated  ": "17 Sep 1979",
                "original_Notes": "Historic District\nWest Berkeley Garden(817–821 Delaware St.) is #78003520, National Register \nof Historic Places (1978)",
                "original_City": "Berkeley",
                "lat": 37.865832,
                "lon": -122.297864,
                "formatted": "Berkeley, CA, United States of America",
                "name": "",
                "housenumber": "",
                "suburb": "",
                "street": "",
                "postcode": "",
                "county_code": "AA",
                "district": "",
                "city": "Berkeley",
                "county": "Alameda County",
                "state": "California",
                "state_code": "CA",
                "country": "United States",
                "country_code": "us",
                "confidence": 0.25,
                "confidence_city_level": 1,
                "confidence_street_level": "",
                "confidence_building_level": "",
                "attribution": "Who's On First",
                "attribution_license": "CC0",
                "attribution_url": "https://www.whosonfirst.org/docs/licenses/",
                "Address": "800 Block of Delaware Street & 1801 Fifth Street",
                "Architect_Date": "Various (c. 1875–1910)",
                "Designated": "17 Dec 1979",
                "Landmark": "Delaware Street Historic District"
            },
            "geometry": {
                "type": "Point",
                "coordinates": [
                    -122.297864,
                    37.865832
                ]
            }
        },
        {
            "type": "Feature",
            "properties": {
                "original_Chron. No.": 36,
                "original_City’s No.": "#36",
                "original_  Initiated  ": "17 Dec 1979",
                "original_Notes": "Smith House demolished in late 1980s; CA State Historic Resources Inventory",
                "original_City": "Berkeley",
                "lat": 37.8643554,
                "lon": -122.2559069,
                "formatted": "2529 Hillegass Avenue, Berkeley, CA 94705, United States of America",
                "name": "Hillegass Avenue",
                "housenumber": 2529,
                "suburb": "",
                "street": "Hillegass Avenue",
                "postcode": 94705,
                "county_code": "",
                "district": "Southside",
                "city": "Berkeley",
                "county": "Alameda County",
                "state": "California",
                "state_code": "CA",
                "country": "United States",
                "country_code": "us",
                "confidence": 0.5,
                "confidence_city_level": 1,
                "confidence_street_level": 0.5,
                "confidence_building_level": 0.5,
                "attribution": "© OpenStreetMap contributors",
                "attribution_license": "Open Database License",
                "attribution_url": "https://www.openstreetmap.org/copyright",
                "Address": "2529 & 2527 Hillegass Avenue",
                "Architect_Date": "House: Seth Babson? (1902); Cottage: Henry Higby Gutterson (1927)",
                "Designated": "17 Jan 1980",
                "Landmark": "Miss Eleanor M. Smith House & Cottage"
            },
            "geometry": {
                "type": "Point",
                "coordinates": [
                    -122.2559069,
                    37.8643554
                ]
            }
        },
        {
            "type": "Feature",
            "properties": {
                "original_Chron. No.": 37,
                "original_City’s No.": "#37",
                "original_  Initiated  ": "21 Apr 1980",
                "original_Notes": "#82002160, National Register of Historic Places (1982)",
                "original_City": "Berkeley",
                "lat": 37.882092,
                "lon": -122.26726,
                "formatted": "Oxford Street & Rose Street, North, Berkeley, CA, United States of America",
                "name": "Oxford Street & Rose Street",
                "housenumber": "",
                "suburb": "North",
                "street": "",
                "postcode": "",
                "county_code": "AA",
                "district": "",
                "city": "Berkeley",
                "county": "Alameda County",
                "state": "California",
                "state_code": "CA",
                "country": "United States",
                "country_code": "us",
                "confidence": 0,
                "confidence_city_level": 1,
                "confidence_street_level": "",
                "confidence_building_level": "",
                "attribution": "© OpenStreetMap contributors",
                "attribution_license": "Open Database License",
                "attribution_url": "https://www.openstreetmap.org/copyright",
                "Address": "1414 Walnut Street at Rose Street",
                "Architect_Date": "Ernest Coxhead (1915)",
                "Designated": "20 May 1980",
                "Landmark": "Garfield Junior High School (Berkeley Unified School District \nAdministration; now Jewish Community Center)"
            },
            "geometry": {
                "type": "Point",
                "coordinates": [
                    -122.26726,
                    37.882092
                ]
            }
        },
        {
            "type": "Feature",
            "properties": {
                "original_Chron. No.": 38,
                "original_City’s No.": "#38",
                "original_  Initiated  ": "21 Apr 1980",
                "original_Notes": "Civic Center Historic District; #81000144, National Register of Historic \nPlaces (1982)",
                "original_City": "Berkeley",
                "lat": 37.8690055,
                "lon": -122.269927,
                "formatted": "2000 Allston Way, Berkeley, CA 94704, United States of America",
                "name": "",
                "housenumber": 2000,
                "suburb": "",
                "street": "Allston Way",
                "postcode": 94704,
                "county_code": "",
                "district": "Downtown Berkeley",
                "city": "Berkeley",
                "county": "Alameda County",
                "state": "California",
                "state_code": "CA",
                "country": "United States",
                "country_code": "us",
                "confidence": 1,
                "confidence_city_level": 1,
                "confidence_street_level": 1,
                "confidence_building_level": 1,
                "attribution": "© OpenStreetMap contributors",
                "attribution_license": "Open Database License",
                "attribution_url": "https://www.openstreetmap.org/copyright",
                "Address": "2000 Allston Way",
                "Architect_Date": "Oscar Wenderoth (1914)",
                "Designated": "16 Jun 1980",
                "Landmark": "United States Post Office"
            },
            "geometry": {
                "type": "Point",
                "coordinates": [
                    -122.269927,
                    37.8690055
                ]
            }
        },
        {
            "type": "Feature",
            "properties": {
                "original_Chron. No.": 39,
                "original_City’s No.": "#78",
                "original_  Initiated  ": "15 Sep 1980",
                "original_Notes": "Included in Shattuck Square designation as Landmark #78 [see nos. 48 & 82] \non 27 Feb 1984; CA State Historic Resources Inventory",
                "original_City": "Berkeley",
                "lat": 37.87163,
                "lon": -122.2681737,
                "formatted": "64 Shattuck Avenue, Berkeley, CA 94704, United States of America",
                "name": "",
                "housenumber": 64,
                "suburb": "",
                "street": "Shattuck Avenue",
                "postcode": 94704,
                "county_code": "",
                "district": "Downtown Berkeley",
                "city": "Berkeley",
                "county": "Alameda County",
                "state": "California",
                "state_code": "CA",
                "country": "United States",
                "country_code": "us",
                "confidence": 1,
                "confidence_city_level": 1,
                "confidence_street_level": 1,
                "confidence_building_level": 1,
                "attribution": "© OpenStreetMap contributors",
                "attribution_license": "Open Database License",
                "attribution_url": "https://www.openstreetmap.org/copyright",
                "Address": "64 Shattuck Square",
                "Architect_Date": "James R. Miller & Timothy L. Pflueger (1926)",
                "Designated": "20 Oct 1980",
                "Landmark": "Roos Brothers Building"
            },
            "geometry": {
                "type": "Point",
                "coordinates": [
                    -122.2681737,
                    37.87163
                ]
            }
        },
        {
            "type": "Feature",
            "properties": {
                "original_Chron. No.": 40,
                "original_City’s No.": "#40",
                "original_  Initiated  ": "15 Dec 1980",
                "original_Notes": "#82000994, National Register of Historic Places (1982)",
                "original_City": "Berkeley",
                "lat": 37.86681325,
                "lon": -122.2688422789794,
                "formatted": "2029 Durant Avenue, Berkeley, CA 94701, United States of America",
                "name": "",
                "housenumber": 2029,
                "suburb": "",
                "street": "Durant Avenue",
                "postcode": 94701,
                "county_code": "",
                "district": "Downtown Berkeley",
                "city": "Berkeley",
                "county": "Alameda County",
                "state": "California",
                "state_code": "CA",
                "country": "United States",
                "country_code": "us",
                "confidence": 1,
                "confidence_city_level": 1,
                "confidence_street_level": 1,
                "confidence_building_level": 1,
                "attribution": "© OpenStreetMap contributors",
                "attribution_license": "Open Database License",
                "attribution_url": "https://www.openstreetmap.org/copyright",
                "Address": "2029 Durant Avenue",
                "Architect_Date": "(c. 1877–1878)",
                "Designated": "16 Mar 1981",
                "Landmark": "Boone’s University School"
            },
            "geometry": {
                "type": "Point",
                "coordinates": [
                    -122.2688423,
                    37.8668132
                ]
            }
        },
        {
            "type": "Feature",
            "properties": {
                "original_Chron. No.": 41,
                "original_City’s No.": "#41",
                "original_  Initiated  ": "16 Mar 1981",
                "original_Notes": "CA State Historic Resources Inventory",
                "original_City": "Berkeley",
                "lat": 37.871727001371525,
                "lon": -122.26846013075719,
                "formatted": "2036 Shattuck Avenue, Berkeley, CA 94704, United States of America",
                "name": "",
                "housenumber": 2036,
                "suburb": "",
                "street": "Shattuck Avenue",
                "postcode": 94704,
                "county_code": "",
                "district": "Downtown Berkeley",
                "city": "Berkeley",
                "county": "Alameda County",
                "state": "California",
                "state_code": "CA",
                "country": "United States",
                "country_code": "us",
                "confidence": 1,
                "confidence_city_level": 1,
                "confidence_street_level": 1,
                "confidence_building_level": 1,
                "attribution": "© OpenStreetMap contributors",
                "attribution_license": "Open Database License",
                "attribution_url": "https://www.openstreetmap.org/copyright",
                "Address": "2036 Shattuck Avenue",
                "Architect_Date": "Edward F. Sibbert (1933)",
                "Designated": "20 Apr 1981",
                "Landmark": "S. H. Kress & Co. Building"
            },
            "geometry": {
                "type": "Point",
                "coordinates": [
                    -122.2684601,
                    37.871727
                ]
            }
        },
        {
            "type": "Feature",
            "properties": {
                "original_Chron. No.": 42,
                "original_City’s No.": "",
                "original_  Initiated  ": "3 Apr 1981",
                "original_Notes": "Structure of Merit\nCA State Historic Resources Inventory; demolished in 1981",
                "original_City": "Berkeley",
                "lat": 37.854498,
                "lon": -122.256521,
                "formatted": "3000 Regent Street, Berkeley, CA 94705, United States of America",
                "name": "",
                "housenumber": 3000,
                "suburb": "",
                "street": "Regent Street",
                "postcode": 94705,
                "county_code": "",
                "district": "Elmwood",
                "city": "Berkeley",
                "county": "Alameda County",
                "state": "California",
                "state_code": "CA",
                "country": "United States",
                "country_code": "us",
                "confidence": 1,
                "confidence_city_level": 1,
                "confidence_street_level": 1,
                "confidence_building_level": 1,
                "attribution": "© OpenStreetMap contributors",
                "attribution_license": "Open Database License",
                "attribution_url": "https://www.openstreetmap.org/copyright",
                "Address": "3000 Regent Street",
                "Architect_Date": "Clarence C. Cuff (1927)",
                "Designated": "15 Jun 1981",
                "Landmark": "Alta Bates Hospital"
            },
            "geometry": {
                "type": "Point",
                "coordinates": [
                    -122.256521,
                    37.854498
                ]
            }
        },
        {
            "type": "Feature",
            "properties": {
                "original_Chron. No.": 43,
                "original_City’s No.": "#43",
                "original_  Initiated  ": "29 Jun 1981",
                "original_Notes": "CA State Historic Resources Inventory",
                "original_City": "Berkeley",
                "lat": 37.8699971,
                "lon": -122.266008,
                "formatted": "Fix that Mac, 2140 Oxford Street, Berkeley, CA 94704, United States of America",
                "name": "Fix that Mac",
                "housenumber": 2140,
                "suburb": "",
                "street": "Oxford Street",
                "postcode": 94704,
                "county_code": "",
                "district": "Downtown Berkeley",
                "city": "Berkeley",
                "county": "Alameda County",
                "state": "California",
                "state_code": "CA",
                "country": "United States",
                "country_code": "us",
                "confidence": 1,
                "confidence_city_level": 1,
                "confidence_street_level": 1,
                "confidence_building_level": 1,
                "attribution": "© OpenStreetMap contributors",
                "attribution_license": "Open Database License",
                "attribution_url": "https://www.openstreetmap.org/copyright",
                "Address": "2140 Oxford Street",
                "Architect_Date": "George L. Mohr (1906)",
                "Designated": "17 Aug 1981",
                "Landmark": "William T. Such Building (Oxford Hall)"
            },
            "geometry": {
                "type": "Point",
                "coordinates": [
                    -122.266008,
                    37.8699971
                ]
            }
        },
        {
            "type": "Feature",
            "properties": {
                "original_Chron. No.": 44,
                "original_City’s No.": "#42",
                "original_  Initiated  ": "17 Aug 1981",
                "original_Notes": "#82000962, National Register of Historic Places (1982)",
                "original_City": "Berkeley",
                "lat": 37.865832,
                "lon": -122.297864,
                "formatted": "Berkeley, CA, United States of America",
                "name": "",
                "housenumber": "",
                "suburb": "",
                "street": "",
                "postcode": "",
                "county_code": "AA",
                "district": "",
                "city": "Berkeley",
                "county": "Alameda County",
                "state": "California",
                "state_code": "CA",
                "country": "United States",
                "country_code": "us",
                "confidence": 0.25,
                "confidence_city_level": 1,
                "confidence_street_level": "",
                "confidence_building_level": "",
                "attribution": "Who's On First",
                "attribution_license": "CC0",
                "attribution_url": "https://www.whosonfirst.org/docs/licenses/",
                "Address": "2601 Warring Steet bet. Dwight Way, Derby Street, and City line",
                "Architect_Date": "Office of the State Architect (1914–59)",
                "Designated": "21 Sep 1981",
                "Landmark": "State Asylum for the Deaf, Dumb and Blind (California Schools for the \nDeaf & Blind; now Clark Kerr Campus)"
            },
            "geometry": {
                "type": "Point",
                "coordinates": [
                    -122.297864,
                    37.865832
                ]
            }
        },
        {
            "type": "Feature",
            "properties": {
                "original_Chron. No.": 45,
                "original_City’s No.": "#44",
                "original_  Initiated  ": "21 Sep 1981",
                "original_Notes": "#82002158, National Register of Historic Places",
                "original_City": "Berkeley",
                "lat": 37.866847,
                "lon": -122.26806,
                "formatted": "2350 Shattuck Avenue, Berkeley, CA 94704, United States of America",
                "name": "",
                "housenumber": 2350,
                "suburb": "Downtown",
                "street": "Shattuck Avenue",
                "postcode": 94704,
                "county_code": "AA",
                "district": "",
                "city": "Berkeley",
                "county": "Alameda County",
                "state": "California",
                "state_code": "CA",
                "country": "United States",
                "country_code": "us",
                "confidence": 0.2571428571428571,
                "confidence_city_level": 1,
                "confidence_street_level": 0.2857142857142857,
                "confidence_building_level": 0.2571428571428571,
                "attribution": "© OpenAddresses contributors",
                "attribution_license": "BSD-3-Clause License",
                "attribution_url": "",
                "Address": "2300–2350 Shattuck Avenue (bet. Bancroft Way & Durant Ave)",
                "Architect_Date": "James W. Plachek (1921)",
                "Designated": "19 Oct 1981",
                "Landmark": "Corder Building (Shattuck Apartments; Whitecotton Building; Witter \nBuilding)"
            },
            "geometry": {
                "type": "Point",
                "coordinates": [
                    -122.26806,
                    37.866847
                ]
            }
        },
        {
            "type": "Feature",
            "properties": {
                "original_Chron. No.": 46,
                "original_City’s No.": "#45",
                "original_  Initiated  ": "21 Sep 1981",
                "original_Notes": "#80000795, National Register of Historic Places (1980)",
                "original_City": "Berkeley",
                "lat": 37.867184,
                "lon": -122.256729,
                "formatted": "Channing Way & Bowditch Street, Telegraph Avenue, Berkeley, CA, United States of America",
                "name": "Channing Way & Bowditch Street",
                "housenumber": "",
                "suburb": "Telegraph Avenue",
                "street": "",
                "postcode": "",
                "county_code": "AA",
                "district": "",
                "city": "Berkeley",
                "county": "Alameda County",
                "state": "California",
                "state_code": "CA",
                "country": "United States",
                "country_code": "us",
                "confidence": 0,
                "confidence_city_level": 1,
                "confidence_street_level": "",
                "confidence_building_level": "",
                "attribution": "© OpenStreetMap contributors",
                "attribution_license": "Open Database License",
                "attribution_url": "https://www.openstreetmap.org/copyright",
                "Address": "2538 Channing Way at Bowditch Street",
                "Architect_Date": "Soul� Edgar Fisher (1892); Walter H. Ratcliff, Jr. (1911–1927)",
                "Designated": "16 Nov 1981",
                "Landmark": "The Anna Head School (Miss Head’s Preparatory School for Girls)"
            },
            "geometry": {
                "type": "Point",
                "coordinates": [
                    -122.256729,
                    37.867184
                ]
            }
        },
        {
            "type": "Feature",
            "properties": {
                "original_Chron. No.": 47,
                "original_City’s No.": "#46",
                "original_  Initiated  ": "21 Sep 1981",
                "original_Notes": "#82002161, National Register of Historic Places (1982)",
                "original_City": "Berkeley",
                "lat": 37.87425655,
                "lon": -122.23870915696222,
                "formatted": "University of California Botanical Garden at Berkeley, 200 Centennial Drive, Berkeley, CA 94720, United States of America",
                "name": "University of California Botanical Garden at Berkeley",
                "housenumber": 200,
                "suburb": "",
                "street": "Centennial Drive",
                "postcode": 94720,
                "county_code": "",
                "district": "",
                "city": "Berkeley",
                "county": "Alameda County",
                "state": "California",
                "state_code": "CA",
                "country": "United States",
                "country_code": "us",
                "confidence": 0,
                "confidence_city_level": 1,
                "confidence_street_level": "",
                "confidence_building_level": "",
                "attribution": "© OpenStreetMap contributors",
                "attribution_license": "Open Database License",
                "attribution_url": "https://www.openstreetmap.org/copyright",
                "Address": "University of California Campus",
                "Architect_Date": "John Galen Howard (1924)",
                "Designated": "16 Nov 1981",
                "Landmark": "Haviland Hall"
            },
            "geometry": {
                "type": "Point",
                "coordinates": [
                    -122.2387092,
                    37.8742565
                ]
            }
        },
        {
            "type": "Feature",
            "properties": {
                "original_Chron. No.": 48,
                "original_City’s No.": "#48",
                "original_  Initiated  ": "21 Sep 1981",
                "original_Notes": "#81000143, National Register of Historic Places (1981)",
                "original_City": "Berkeley",
                "lat": 37.868087,
                "lon": -122.264066,
                "formatted": "Bancroft Way & Ellsworth Street, Berkeley, CA 94701, United States of America",
                "name": "Bancroft Way & Ellsworth Street",
                "housenumber": "",
                "suburb": "Downtown",
                "street": "",
                "postcode": 94701,
                "county_code": "AA",
                "district": "",
                "city": "Berkeley",
                "county": "Alameda County",
                "state": "California",
                "state_code": "CA",
                "country": "United States",
                "country_code": "us",
                "confidence": 0,
                "confidence_city_level": 1,
                "confidence_street_level": "",
                "confidence_building_level": "",
                "attribution": "© OpenStreetMap contributors",
                "attribution_license": "Open Database License",
                "attribution_url": "https://www.openstreetmap.org/copyright",
                "Address": "2401 Bancroft Way at Dana Street",
                "Architect_Date": "Albert Cicero Schweinfurth (1898)",
                "Designated": "16 Nov 1981",
                "Landmark": "First Unitarian Church (now University Dance Studio)"
            },
            "geometry": {
                "type": "Point",
                "coordinates": [
                    -122.264066,
                    37.868087
                ]
            }
        },
        {
            "type": "Feature",
            "properties": {
                "original_Chron. No.": 49,
                "original_City’s No.": "#49",
                "original_  Initiated  ": "19 Oct 1981",
                "original_Notes": "",
                "original_City": "Berkeley",
                "lat": 37.86879676767716,
                "lon": -122.25801419147686,
                "formatted": "2546 Bancroft Way, Berkeley, CA 94704, United States of America",
                "name": "",
                "housenumber": 2546,
                "suburb": "",
                "street": "Bancroft Way",
                "postcode": 94704,
                "county_code": "",
                "district": "Southside",
                "city": "Berkeley",
                "county": "Alameda County",
                "state": "California",
                "state_code": "CA",
                "country": "United States",
                "country_code": "us",
                "confidence": 1,
                "confidence_city_level": 1,
                "confidence_street_level": 1,
                "confidence_building_level": 1,
                "attribution": "© OpenStreetMap contributors",
                "attribution_license": "Open Database License",
                "attribution_url": "https://www.openstreetmap.org/copyright",
                "Address": "2546 Bancroft Way",
                "Architect_Date": "Julia Morgan (1940)",
                "Designated": "21 Dec 1981",
                "Landmark": "Fred Turner Building"
            },
            "geometry": {
                "type": "Point",
                "coordinates": [
                    -122.2580142,
                    37.8687968
                ]
            }
        },
        {
            "type": "Feature",
            "properties": {
                "original_Chron. No.": 50,
                "original_City’s No.": "#50",
                "original_  Initiated  ": "16 Nov 1981",
                "original_Notes": "CA State Historic Resources Inventory; demolished by U.C. in late 2021 for \nthe Gateway student housing project.",
                "original_City": "Berkeley",
                "lat": 37.87302985,
                "lon": -122.26662782453407,
                "formatted": "1952 Oxford Street, Berkeley, CA 94704, United States of America",
                "name": "",
                "housenumber": 1952,
                "suburb": "",
                "street": "Oxford Street",
                "postcode": 94704,
                "county_code": "",
                "district": "Downtown Berkeley",
                "city": "Berkeley",
                "county": "Alameda County",
                "state": "California",
                "state_code": "CA",
                "country": "United States",
                "country_code": "us",
                "confidence": 1,
                "confidence_city_level": 1,
                "confidence_street_level": 1,
                "confidence_building_level": 1,
                "attribution": "© OpenStreetMap contributors",
                "attribution_license": "Open Database License",
                "attribution_url": "https://www.openstreetmap.org/copyright",
                "Address": "1952 Oxford Street",
                "Architect_Date": "Walter H. Ratcliff, Jr. (1930)",
                "Designated": "21 Dec 1981",
                "Landmark": "Richfield Oil Co. Station (University Garage)"
            },
            "geometry": {
                "type": "Point",
                "coordinates": [
                    -122.2666278,
                    37.8730299
                ]
            }
        },
        {
            "type": "Feature",
            "properties": {
                "original_Chron. No.": 51,
                "original_City’s No.": "#47",
                "original_  Initiated  ": "21 Sep 1981",
                "original_Notes": "Structure of Merit",
                "original_City": "Berkeley",
                "lat": 37.86503496450404,
                "lon": -122.2599105701924,
                "formatted": "2437 Dwight Way, Berkeley, CA 94704, United States of America",
                "name": "",
                "housenumber": 2437,
                "suburb": "",
                "street": "Dwight Way",
                "postcode": 94704,
                "county_code": "",
                "district": "Southside",
                "city": "Berkeley",
                "county": "Alameda County",
                "state": "California",
                "state_code": "CA",
                "country": "United States",
                "country_code": "us",
                "confidence": 1,
                "confidence_city_level": 1,
                "confidence_street_level": 1,
                "confidence_building_level": 1,
                "attribution": "© OpenStreetMap contributors",
                "attribution_license": "Open Database License",
                "attribution_url": "https://www.openstreetmap.org/copyright",
                "Address": "2437 Dwight Way",
                "Architect_Date": "(c. 1869)",
                "Designated": "21 Dec 1981",
                "Landmark": "James Edgar House"
            },
            "geometry": {
                "type": "Point",
                "coordinates": [
                    -122.2599106,
                    37.865035
                ]
            }
        },
        {
            "type": "Feature",
            "properties": {
                "original_Chron. No.": 52,
                "original_City’s No.": "#51",
                "original_  Initiated  ": "21 Sep 1981",
                "original_Notes": "#82002162, National Register of Historic Places (1982)",
                "original_City": "Berkeley",
                "lat": 37.863904,
                "lon": -122.267301,
                "formatted": "Shattuck Avenue & Dwight Way, Downtown, Berkeley, CA, United States of America",
                "name": "Shattuck Avenue & Dwight Way",
                "housenumber": "",
                "suburb": "Downtown",
                "street": "",
                "postcode": "",
                "county_code": "AA",
                "district": "",
                "city": "Berkeley",
                "county": "Alameda County",
                "state": "California",
                "state_code": "CA",
                "country": "United States",
                "country_code": "us",
                "confidence": 0,
                "confidence_city_level": 1,
                "confidence_street_level": "",
                "confidence_building_level": "",
                "attribution": "© OpenStreetMap contributors",
                "attribution_license": "Open Database License",
                "attribution_url": "https://www.openstreetmap.org/copyright",
                "Address": "2105 Bancroft Way at Shattuck Avenue",
                "Architect_Date": "William Wharff (1905)",
                "Designated": "20 Jan 1982",
                "Landmark": "Masonic Temple"
            },
            "geometry": {
                "type": "Point",
                "coordinates": [
                    -122.267301,
                    37.863904
                ]
            }
        },
        {
            "type": "Feature",
            "properties": {
                "original_Chron. No.": 53,
                "original_City’s No.": "#52",
                "original_  Initiated  ": "20 Jan 1982",
                "original_Notes": "",
                "original_City": "Berkeley",
                "lat": 37.86204385,
                "lon": -122.29299542197273,
                "formatted": "Grace Baptist Church, 936 Channing Way, Berkeley, CA 94710, United States of America",
                "name": "Grace Baptist Church",
                "housenumber": 936,
                "suburb": "",
                "street": "Channing Way",
                "postcode": 94710,
                "county_code": "",
                "district": "Poets Corner",
                "city": "Berkeley",
                "county": "Alameda County",
                "state": "California",
                "state_code": "CA",
                "country": "United States",
                "country_code": "us",
                "confidence": 1,
                "confidence_city_level": 1,
                "confidence_street_level": 1,
                "confidence_building_level": 1,
                "attribution": "© OpenStreetMap contributors",
                "attribution_license": "Open Database License",
                "attribution_url": "https://www.openstreetmap.org/copyright",
                "Address": "936 Channing Way",
                "Architect_Date": "Rev. Bernhardt Gideon Fardig (1901)",
                "Designated": "22 Feb 1982",
                "Landmark": "First Finnish Evangelical Lutheran Church (now Grace Baptist Church)"
            },
            "geometry": {
                "type": "Point",
                "coordinates": [
                    -122.2929954,
                    37.8620438
                ]
            }
        },
        {
            "type": "Feature",
            "properties": {
                "original_Chron. No.": 54,
                "original_City’s No.": "#54",
                "original_  Initiated  ": "21 Dec 1981",
                "original_Notes": "Structure of Merit\nCA State Historic Resources Inventory; moved from 2323 Bowditch St. and \naltered beyond recognition",
                "original_City": "Berkeley",
                "lat": 37.86789815,
                "lon": -122.29267409311514,
                "formatted": "1029 Addison Street, Berkeley, CA 94710, United States of America",
                "name": "",
                "housenumber": 1029,
                "suburb": "",
                "street": "Addison Street",
                "postcode": 94710,
                "county_code": "",
                "district": "West Berkeley",
                "city": "Berkeley",
                "county": "Alameda County",
                "state": "California",
                "state_code": "CA",
                "country": "United States",
                "country_code": "us",
                "confidence": 1,
                "confidence_city_level": 1,
                "confidence_street_level": 1,
                "confidence_building_level": 1,
                "attribution": "© OpenStreetMap contributors",
                "attribution_license": "Open Database License",
                "attribution_url": "https://www.openstreetmap.org/copyright",
                "Address": "1029 Addison Street",
                "Architect_Date": "Seth Babson & R. Wenk (1893)",
                "Designated": "15 Mar 1982",
                "Landmark": "Bartine Carrington House"
            },
            "geometry": {
                "type": "Point",
                "coordinates": [
                    -122.2926741,
                    37.8678982
                ]
            }
        },
        {
            "type": "Feature",
            "properties": {
                "original_Chron. No.": 55,
                "original_City’s No.": "#53",
                "original_  Initiated  ": "20 Jan 1982",
                "original_Notes": "CA State Historic Resources Inventory",
                "original_City": "Berkeley",
                "lat": 37.857086,
                "lon": -122.252673,
                "formatted": "Ashby Avenue & College Avenue, College Avenue, Berkeley, CA, United States of America",
                "name": "Ashby Avenue & College Avenue",
                "housenumber": "",
                "suburb": "College Avenue",
                "street": "",
                "postcode": "",
                "county_code": "AA",
                "district": "",
                "city": "Berkeley",
                "county": "Alameda County",
                "state": "California",
                "state_code": "CA",
                "country": "United States",
                "country_code": "us",
                "confidence": 0.3,
                "confidence_city_level": 1,
                "confidence_street_level": 0.6,
                "confidence_building_level": "",
                "attribution": "© OpenStreetMap contributors",
                "attribution_license": "Open Database License",
                "attribution_url": "https://www.openstreetmap.org/copyright",
                "Address": "2959 College Avenue at Ashby Avenue",
                "Architect_Date": "Walter H. Ratcliff, Jr. (1925)",
                "Designated": "15 Mar 1982",
                "Landmark": "Mercantile Trust Co. (now Wells Fargo Bank)"
            },
            "geometry": {
                "type": "Point",
                "coordinates": [
                    -122.252673,
                    37.857086
                ]
            }
        },
        {
            "type": "Feature",
            "properties": {
                "original_Chron. No.": 56,
                "original_City’s No.": "#55",
                "original_  Initiated  ": "22 Feb 1982",
                "original_Notes": "CA State Historic Resources Inventory",
                "original_City": "Berkeley",
                "lat": 37.8681555,
                "lon": -122.2662953,
                "formatted": "Odd Fellows Lodge 270, 2288 Fulton Street, Berkeley, CA 94704, United States of America",
                "name": "Odd Fellows Lodge 270",
                "housenumber": 2288,
                "suburb": "",
                "street": "Fulton Street",
                "postcode": 94704,
                "county_code": "",
                "district": "Downtown Berkeley",
                "city": "Berkeley",
                "county": "Alameda County",
                "state": "California",
                "state_code": "CA",
                "country": "United States",
                "country_code": "us",
                "confidence": 1,
                "confidence_city_level": 1,
                "confidence_street_level": 1,
                "confidence_building_level": 1,
                "attribution": "© OpenStreetMap contributors",
                "attribution_license": "Open Database License",
                "attribution_url": "https://www.openstreetmap.org/copyright",
                "Address": "2288 Fulton Street",
                "Architect_Date": "James W. Plachek (1925)",
                "Designated": "19 Apr 1982",
                "Landmark": "Odd Fellows’ Temple"
            },
            "geometry": {
                "type": "Point",
                "coordinates": [
                    -122.2662953,
                    37.8681555
                ]
            }
        },
        {
            "type": "Feature",
            "properties": {
                "original_Chron. No.": 57,
                "original_City’s No.": "#56",
                "original_  Initiated  ": "22 Feb 1982",
                "original_Notes": "#82002156, National Register of Historic Places (1982)",
                "original_City": "Berkeley",
                "lat": 37.8649135,
                "lon": -122.2679298,
                "formatted": "Haste Street & Shattuck Avenue, 2440 Shattuck Avenue, Berkeley, CA 94701, United States of America",
                "name": "Haste Street & Shattuck Avenue",
                "housenumber": 2440,
                "suburb": "",
                "street": "Shattuck Avenue",
                "postcode": 94701,
                "county_code": "",
                "district": "Downtown Berkeley",
                "city": "Berkeley",
                "county": "Alameda County",
                "state": "California",
                "state_code": "CA",
                "country": "United States",
                "country_code": "us",
                "confidence": 0.2,
                "confidence_city_level": 1,
                "confidence_street_level": 0.4,
                "confidence_building_level": 0.006857142857142858,
                "attribution": "© OpenStreetMap contributors",
                "attribution_license": "Open Database License",
                "attribution_url": "https://www.openstreetmap.org/copyright",
                "Address": "2090 Kittredge Street at Shattuck Avenue",
                "Architect_Date": "James W. Plachek (1930)",
                "Designated": "19 Apr 1982",
                "Landmark": "Berkeley Public Library"
            },
            "geometry": {
                "type": "Point",
                "coordinates": [
                    -122.2679298,
                    37.8649135
                ]
            }
        },
        {
            "type": "Feature",
            "properties": {
                "original_Chron. No.": 58,
                "original_City’s No.": "#57",
                "original_  Initiated  ": "22 Feb 1982",
                "original_Notes": "CA State Historic Resources Inventory",
                "original_City": "Berkeley",
                "lat": 37.8566655,
                "lon": -122.25330584440715,
                "formatted": "2966 College Avenue, Berkeley, CA 94168, United States of America",
                "name": "",
                "housenumber": 2966,
                "suburb": "",
                "street": "College Avenue",
                "postcode": 94168,
                "county_code": "",
                "district": "Elmwood",
                "city": "Berkeley",
                "county": "Alameda County",
                "state": "California",
                "state_code": "CA",
                "country": "United States",
                "country_code": "us",
                "confidence": 1,
                "confidence_city_level": 1,
                "confidence_street_level": 1,
                "confidence_building_level": 1,
                "attribution": "© OpenStreetMap contributors",
                "attribution_license": "Open Database License",
                "attribution_url": "https://www.openstreetmap.org/copyright",
                "Address": "2966 College Avenue",
                "Architect_Date": "William Dufour (1914); Alexander Aimwell Cantin & Alexander Mackenzie \nCantin (1946)",
                "Designated": "24 May 1982",
                "Landmark": "Strand Theater (now Elmwood Theater)"
            },
            "geometry": {
                "type": "Point",
                "coordinates": [
                    -122.2533058,
                    37.8566655
                ]
            }
        },
        {
            "type": "Feature",
            "properties": {
                "original_Chron. No.": 59,
                "original_City’s No.": "#58",
                "original_  Initiated  ": "19 Apr 1982",
                "original_Notes": "CA State Historic Resources Inventory",
                "original_City": "Berkeley",
                "lat": 37.84795865,
                "lon": -122.27226159123236,
                "formatted": "Philips Temple C.M.E. Church, 3332 Adeline Street, Berkeley, CA 94703, United States of America",
                "name": "Philips Temple C.M.E. Church",
                "housenumber": 3332,
                "suburb": "",
                "street": "Adeline Street",
                "postcode": 94703,
                "county_code": "",
                "district": "Lorin",
                "city": "Berkeley",
                "county": "Alameda County",
                "state": "California",
                "state_code": "CA",
                "country": "United States",
                "country_code": "us",
                "confidence": 1,
                "confidence_city_level": 1,
                "confidence_street_level": 1,
                "confidence_building_level": 1,
                "attribution": "© OpenStreetMap contributors",
                "attribution_license": "Open Database License",
                "attribution_url": "https://www.openstreetmap.org/copyright",
                "Address": "3332 Adeline Street",
                "Architect_Date": "Abel Roust, builder (1909, 1910); Hiram K. Lovell (1914); James W. Plachek \n(1920)",
                "Designated": "24 May 1982",
                "Landmark": "Lorin Theater (now Phillips Temple C.M.E. Church)"
            },
            "geometry": {
                "type": "Point",
                "coordinates": [
                    -122.2722616,
                    37.8479586
                ]
            }
        },
        {
            "type": "Feature",
            "properties": {
                "original_Chron. No.": 61,
                "original_City’s No.": "#60",
                "original_  Initiated  ": "19 Apr 1982",
                "original_Notes": "CA State Historic Resources Inventory",
                "original_City": "Berkeley",
                "lat": 37.8697814,
                "lon": -122.300325,
                "formatted": "Noble Cow Creamery, 1809 Fourth Street, Berkeley, CA 94710, United States of America",
                "name": "Noble Cow Creamery",
                "housenumber": 1809,
                "suburb": "4th Street Shops",
                "street": "Fourth Street",
                "postcode": 94710,
                "county_code": "",
                "district": "",
                "city": "Berkeley",
                "county": "Alameda County",
                "state": "California",
                "state_code": "CA",
                "country": "United States",
                "country_code": "us",
                "confidence": 0.9,
                "confidence_city_level": 1,
                "confidence_street_level": 1,
                "confidence_building_level": 0.9,
                "attribution": "© OpenStreetMap contributors",
                "attribution_license": "Open Database License",
                "attribution_url": "https://www.openstreetmap.org/copyright",
                "Address": "1809–1811 Fourth Street",
                "Architect_Date": "possibly late 1870s–early 1880s",
                "Designated": "21 Jun 1982",
                "Landmark": "Young-Ghego House (Heywood-Ghego House)"
            },
            "geometry": {
                "type": "Point",
                "coordinates": [
                    -122.300325,
                    37.8697814
                ]
            }
        },
        {
            "type": "Feature",
            "properties": {
                "original_Chron. No.": 62,
                "original_City’s No.": "#61",
                "original_  Initiated  ": "24 May 1982",
                "original_Notes": "#82000961, National Register of Historic Places (1982)",
                "original_City": "Berkeley",
                "lat": 37.865832,
                "lon": -122.297864,
                "formatted": "Berkeley, CA, United States of America",
                "name": "",
                "housenumber": "",
                "suburb": "",
                "street": "",
                "postcode": "",
                "county_code": "AA",
                "district": "",
                "city": "Berkeley",
                "county": "Alameda County",
                "state": "California",
                "state_code": "CA",
                "country": "United States",
                "country_code": "us",
                "confidence": 0.25,
                "confidence_city_level": 1,
                "confidence_street_level": "",
                "confidence_building_level": "",
                "attribution": "Who's On First",
                "attribution_license": "CC0",
                "attribution_url": "https://www.whosonfirst.org/docs/licenses/",
                "Address": "1581 Le Roy Avenue at Buena Vista Way",
                "Architect_Date": "Walter H. Ratcliff, Jr. (1925)",
                "Designated": "21 Jun 1982",
                "Landmark": "Hillside School"
            },
            "geometry": {
                "type": "Point",
                "coordinates": [
                    -122.297864,
                    37.865832
                ]
            }
        },
        {
            "type": "Feature",
            "properties": {
                "original_Chron. No.": 63,
                "original_City’s No.": "#62",
                "original_  Initiated  ": "21 Jun 1982",
                "original_Notes": "CA State Historic Resources Inventory",
                "original_City": "Berkeley",
                "lat": 37.848861,
                "lon": -122.271909,
                "formatted": "3286 Adeline Street, Berkeley, CA 94703, United States of America",
                "name": "",
                "housenumber": 3286,
                "suburb": "South Berkeley",
                "street": "Adeline Street",
                "postcode": 94703,
                "county_code": "AA",
                "district": "",
                "city": "Berkeley",
                "county": "Alameda County",
                "state": "California",
                "state_code": "CA",
                "country": "United States",
                "country_code": "us",
                "confidence": 1,
                "confidence_city_level": 1,
                "confidence_street_level": 1,
                "confidence_building_level": 1,
                "attribution": "© OpenAddresses contributors",
                "attribution_license": "BSD-3-Clause License",
                "attribution_url": "",
                "Address": "3286 Adeline Street",
                "Architect_Date": "John Galen Howard (1906)",
                "Designated": "19 Jul 1982",
                "Landmark": "South Berkeley Bank (Wells Fargo Bank)"
            },
            "geometry": {
                "type": "Point",
                "coordinates": [
                    -122.271909,
                    37.848861
                ]
            }
        },
        {
            "type": "Feature",
            "properties": {
                "original_Chron. No.": 64,
                "original_City’s No.": "#63",
                "original_  Initiated  ": "21 Jun 1982",
                "original_Notes": "CA State Historic Resources Inventory",
                "original_City": "Berkeley",
                "lat": 37.857756,
                "lon": -122.26784,
                "formatted": "Adeline Street & Oregon Street, South Berkeley, Berkeley, CA, United States of America",
                "name": "Adeline Street & Oregon Street",
                "housenumber": "",
                "suburb": "South Berkeley",
                "street": "",
                "postcode": "",
                "county_code": "AA",
                "district": "",
                "city": "Berkeley",
                "county": "Alameda County",
                "state": "California",
                "state_code": "CA",
                "country": "United States",
                "country_code": "us",
                "confidence": 0,
                "confidence_city_level": 1,
                "confidence_street_level": "",
                "confidence_building_level": "",
                "attribution": "© OpenStreetMap contributors",
                "attribution_license": "Open Database License",
                "attribution_url": "https://www.openstreetmap.org/copyright",
                "Address": "3250 Adeline Street at Harmon Street",
                "Architect_Date": "A.W. Smith (1903)",
                "Designated": "19 Jul 1982",
                "Landmark": "India Block"
            },
            "geometry": {
                "type": "Point",
                "coordinates": [
                    -122.26784,
                    37.857756
                ]
            }
        },
        {
            "type": "Feature",
            "properties": {
                "original_Chron. No.": 65,
                "original_City’s No.": "#64",
                "original_  Initiated  ": "21 Jun 1982",
                "original_Notes": "CA State Historic Resources Inventory",
                "original_City": "Berkeley",
                "lat": 37.849976,
                "lon": -122.271482,
                "formatted": "3228 Adeline Street, Berkeley, CA 94703, United States of America",
                "name": "",
                "housenumber": 3228,
                "suburb": "South Berkeley",
                "street": "Adeline Street",
                "postcode": 94703,
                "county_code": "AA",
                "district": "",
                "city": "Berkeley",
                "county": "Alameda County",
                "state": "California",
                "state_code": "CA",
                "country": "United States",
                "country_code": "us",
                "confidence": 1,
                "confidence_city_level": 1,
                "confidence_street_level": 1,
                "confidence_building_level": 1,
                "attribution": "© OpenAddresses contributors",
                "attribution_license": "BSD-3-Clause License",
                "attribution_url": "",
                "Address": "3228 Adeline Street",
                "Architect_Date": "William Wharff (1903)",
                "Designated": "19 Jul 1982",
                "Landmark": "Carlson’s Block"
            },
            "geometry": {
                "type": "Point",
                "coordinates": [
                    -122.271482,
                    37.849976
                ]
            }
        },
        {
            "type": "Feature",
            "properties": {
                "original_Chron. No.": 66,
                "original_City’s No.": "#65",
                "original_  Initiated  ": "20 Sep 1982",
                "original_Notes": "#92001718, National Register of Historic Places (1992)",
                "original_City": "Berkeley",
                "lat": 37.865832,
                "lon": -122.297864,
                "formatted": "Berkeley, CA, United States of America",
                "name": "",
                "housenumber": "",
                "suburb": "",
                "street": "",
                "postcode": "",
                "county_code": "AA",
                "district": "",
                "city": "Berkeley",
                "county": "Alameda County",
                "state": "California",
                "state_code": "CA",
                "country": "United States",
                "country_code": "us",
                "confidence": 0.25,
                "confidence_city_level": 1,
                "confidence_street_level": "",
                "confidence_building_level": "",
                "attribution": "Who's On First",
                "attribution_license": "CC0",
                "attribution_url": "https://www.whosonfirst.org/docs/licenses/",
                "Address": "2600 Ridge Road at Le Roy Avenue",
                "Architect_Date": "John Galen Howard (1904)",
                "Designated": "15 Nov 1982",
                "Landmark": "Cloyne Court Hotel (now Cloyne Court co-op)"
            },
            "geometry": {
                "type": "Point",
                "coordinates": [
                    -122.297864,
                    37.865832
                ]
            }
        },
        {
            "type": "Feature",
            "properties": {
                "original_Chron. No.": 67,
                "original_City’s No.": "#66",
                "original_  Initiated  ": "20 Sep 1982",
                "original_Notes": "",
                "original_City": "Berkeley",
                "lat": 37.875356,
                "lon": -122.258126,
                "formatted": "Cory Hall, UC Berkeley, Berkeley, CA, United States of America",
                "name": "Cory Hall",
                "housenumber": "",
                "suburb": "UC Berkeley",
                "street": "",
                "postcode": "",
                "county_code": "AA",
                "district": "",
                "city": "Berkeley",
                "county": "Alameda County",
                "state": "California",
                "state_code": "CA",
                "country": "United States",
                "country_code": "us",
                "confidence": 0,
                "confidence_city_level": 1,
                "confidence_street_level": "",
                "confidence_building_level": "",
                "attribution": "© OpenStreetMap contributors",
                "attribution_license": "Open Database License",
                "attribution_url": "https://www.openstreetmap.org/copyright",
                "Address": "2607 Hearst Avenue at Le Roy Avenue",
                "Architect_Date": "Ernest Coxhead (1893)",
                "Designated": "15 Nov 1982",
                "Landmark": "Beta Theta Pi Chapter House (now Goldman School of Public Policy)"
            },
            "geometry": {
                "type": "Point",
                "coordinates": [
                    -122.258126,
                    37.875356
                ]
            }
        },
        {
            "type": "Feature",
            "properties": {
                "original_Chron. No.": 68,
                "original_City’s No.": "#67",
                "original_  Initiated  ": "15 Nov 1982",
                "original_Notes": "",
                "original_City": "Berkeley",
                "lat": 37.88311,
                "lon": -122.269359,
                "formatted": "1317 Shattuck Avenue, Berkeley, CA 94709, United States of America",
                "name": "",
                "housenumber": 1317,
                "suburb": "North",
                "street": "Shattuck Avenue",
                "postcode": 94709,
                "county_code": "AA",
                "district": "",
                "city": "Berkeley",
                "county": "Alameda County",
                "state": "California",
                "state_code": "CA",
                "country": "United States",
                "country_code": "us",
                "confidence": 1,
                "confidence_city_level": 1,
                "confidence_street_level": 1,
                "confidence_building_level": 1,
                "attribution": "© OpenAddresses contributors",
                "attribution_license": "BSD-3-Clause License",
                "attribution_url": "",
                "Address": "1317 Shattuck Avenue",
                "Architect_Date": "Unknown (c. 1885); John Hudson Thomas (1922)",
                "Designated": "20 Dec 1982",
                "Landmark": "Captain Maury House"
            },
            "geometry": {
                "type": "Point",
                "coordinates": [
                    -122.269359,
                    37.88311
                ]
            }
        },
        {
            "type": "Feature",
            "properties": {
                "original_Chron. No.": 69,
                "original_City’s No.": "#68",
                "original_  Initiated  ": "20 Sep 1982",
                "original_Notes": "CA State Historic Resources Inventory",
                "original_City": "Berkeley",
                "lat": 37.87214729512308,
                "lon": -122.26743830505347,
                "formatted": "2131 University Avenue, Berkeley, CA 94704, United States of America",
                "name": "",
                "housenumber": 2131,
                "suburb": "",
                "street": "University Avenue",
                "postcode": 94704,
                "county_code": "",
                "district": "Downtown Berkeley",
                "city": "Berkeley",
                "county": "Alameda County",
                "state": "California",
                "state_code": "CA",
                "country": "United States",
                "country_code": "us",
                "confidence": 1,
                "confidence_city_level": 1,
                "confidence_street_level": 1,
                "confidence_building_level": 1,
                "attribution": "© OpenStreetMap contributors",
                "attribution_license": "Open Database License",
                "attribution_url": "https://www.openstreetmap.org/copyright",
                "Address": "2131 University Avenue",
                "Architect_Date": "George L. Mohr (1908)",
                "Designated": "17 Jan 1983",
                "Landmark": "Acheson Physicians’ Building"
            },
            "geometry": {
                "type": "Point",
                "coordinates": [
                    -122.2674383,
                    37.8721473
                ]
            }
        },
        {
            "type": "Feature",
            "properties": {
                "original_Chron. No.": 70,
                "original_City’s No.": "#110",
                "original_  Initiated  ": "20 Sep 1982",
                "original_Notes": "Structure of Merit\nDesignated Landmark on 15 Sep 1986; CA State Historic Resources Inventory",
                "original_City": "Berkeley",
                "lat": 37.872375,
                "lon": -122.268437,
                "formatted": "Shattuck Avenue & University Avenue, Berkeley, CA 94704, United States of America",
                "name": "Shattuck Avenue & University Avenue",
                "housenumber": "",
                "suburb": "North",
                "street": "",
                "postcode": 94704,
                "county_code": "AA",
                "district": "",
                "city": "Berkeley",
                "county": "Alameda County",
                "state": "California",
                "state_code": "CA",
                "country": "United States",
                "country_code": "us",
                "confidence": 0,
                "confidence_city_level": 1,
                "confidence_street_level": "",
                "confidence_building_level": "",
                "attribution": "© OpenStreetMap contributors",
                "attribution_license": "Open Database License",
                "attribution_url": "https://www.openstreetmap.org/copyright",
                "Address": "1987–1979 Shattuck Avenue at University Avenue",
                "Architect_Date": "Earle B. Bertz (1925)",
                "Designated": "17 Jan 1983",
                "Landmark": "United Stores Realty Corp. Building (MacFarlane “Awful Fresh Candy & \nNuts” Building)"
            },
            "geometry": {
                "type": "Point",
                "coordinates": [
                    -122.268437,
                    37.872375
                ]
            }
        },
        {
            "type": "Feature",
            "properties": {
                "original_Chron. No.": 71,
                "original_City’s No.": "#122",
                "original_  Initiated  ": "17 Jan 1983",
                "original_Notes": "Structure of Merit\nDesignated Landmark on 21 Nov 1988; Civic Center Historic District",
                "original_City": "Berkeley",
                "lat": 37.8687466,
                "lon": -122.2735263,
                "formatted": "1835 Allston Way, Berkeley, CA 94704, United States of America",
                "name": "",
                "housenumber": 1835,
                "suburb": "",
                "street": "Allston Way",
                "postcode": 94704,
                "county_code": "",
                "district": "Downtown Berkeley",
                "city": "Berkeley",
                "county": "Alameda County",
                "state": "California",
                "state_code": "CA",
                "country": "United States",
                "country_code": "us",
                "confidence": 1,
                "confidence_city_level": 1,
                "confidence_street_level": 1,
                "confidence_building_level": 1,
                "attribution": "© OpenStreetMap contributors",
                "attribution_license": "Open Database License",
                "attribution_url": "https://www.openstreetmap.org/copyright",
                "Address": "1835 Allston Way",
                "Architect_Date": "James W. Plachek (1925)",
                "Designated": "14 Feb 1983",
                "Landmark": "Old City Hall Annex"
            },
            "geometry": {
                "type": "Point",
                "coordinates": [
                    -122.2735263,
                    37.8687466
                ]
            }
        },
        {
            "type": "Feature",
            "properties": {
                "original_Chron. No.": 72,
                "original_City’s No.": "#69",
                "original_  Initiated  ": "",
                "original_Notes": "CA State Historic Resources Inventory\nDesignation expanded in 1987 to include entire block.",
                "original_City": "Berkeley",
                "lat": 37.868557,
                "lon": -122.268256,
                "formatted": "2240 Shattuck Avenue, Berkeley, CA 94704, United States of America",
                "name": "",
                "housenumber": 2240,
                "suburb": "Downtown",
                "street": "Shattuck Avenue",
                "postcode": 94704,
                "county_code": "AA",
                "district": "",
                "city": "Berkeley",
                "county": "Alameda County",
                "state": "California",
                "state_code": "CA",
                "country": "United States",
                "country_code": "us",
                "confidence": 0.30000000000000004,
                "confidence_city_level": 1,
                "confidence_street_level": 0.33333333333333337,
                "confidence_building_level": 0.30000000000000004,
                "attribution": "© OpenAddresses contributors",
                "attribution_license": "BSD-3-Clause License",
                "attribution_url": "",
                "Address": "2200–2240 Shattuck Avenue bet. Kittredge St. & Allston Way",
                "Architect_Date": "Benjamin G. McDougall (1909–13)",
                "Designated": "16 May 1983 & 9 Nov 1987",
                "Landmark": "Shattuck Hotel"
            },
            "geometry": {
                "type": "Point",
                "coordinates": [
                    -122.268256,
                    37.868557
                ]
            }
        },
        {
            "type": "Feature",
            "properties": {
                "original_Chron. No.": 73,
                "original_City’s No.": "#70",
                "original_  Initiated  ": "",
                "original_Notes": "Structure of Merit",
                "original_City": "Berkeley",
                "lat": 37.85651835,
                "lon": -122.2669328622035,
                "formatted": "2108 Russell Street, Berkeley, CA 94703, United States of America",
                "name": "",
                "housenumber": 2108,
                "suburb": "",
                "street": "Russell Street",
                "postcode": 94703,
                "county_code": "",
                "district": "South Berkeley",
                "city": "Berkeley",
                "county": "Alameda County",
                "state": "California",
                "state_code": "CA",
                "country": "United States",
                "country_code": "us",
                "confidence": 1,
                "confidence_city_level": 1,
                "confidence_street_level": 1,
                "confidence_building_level": 1,
                "attribution": "© OpenStreetMap contributors",
                "attribution_license": "Open Database License",
                "attribution_url": "https://www.openstreetmap.org/copyright",
                "Address": "2108 Russell Street",
                "Architect_Date": "Henry F. Starbuck (1908)",
                "Designated": "21 Jun 1983",
                "Landmark": "Knox Presbyterian Church (now Church by the Side of the Road)"
            },
            "geometry": {
                "type": "Point",
                "coordinates": [
                    -122.2669329,
                    37.8565184
                ]
            }
        },
        {
            "type": "Feature",
            "properties": {
                "original_Chron. No.": 74,
                "original_City’s No.": "#71",
                "original_  Initiated  ": "21 Jun 1983",
                "original_Notes": "CA State Historic Resources Inventory",
                "original_City": "Berkeley",
                "lat": 37.857335,
                "lon": -122.245074,
                "formatted": "2955 Claremont Avenue, Berkeley, CA 94705, United States of America",
                "name": "",
                "housenumber": 2955,
                "suburb": "Elmwood",
                "street": "Claremont Avenue",
                "postcode": 94705,
                "county_code": "AA",
                "district": "",
                "city": "Berkeley",
                "county": "Alameda County",
                "state": "California",
                "state_code": "CA",
                "country": "United States",
                "country_code": "us",
                "confidence": 1,
                "confidence_city_level": 1,
                "confidence_street_level": 1,
                "confidence_building_level": 1,
                "attribution": "© OpenAddresses contributors",
                "attribution_license": "BSD-3-Clause License",
                "attribution_url": "",
                "Address": "2955 Claremont Avenue",
                "Architect_Date": "James W. Plachek (1915)",
                "Designated": "18 Jul 1983",
                "Landmark": "John Muir School"
            },
            "geometry": {
                "type": "Point",
                "coordinates": [
                    -122.245074,
                    37.857335
                ]
            }
        },
        {
            "type": "Feature",
            "properties": {
                "original_Chron. No.": 75,
                "original_City’s No.": "#72",
                "original_  Initiated  ": "16 May 1983",
                "original_Notes": "Amended on 4 Aug 1997 to include both public and private street improvements",
                "original_City": "Berkeley",
                "lat": 37.8708393,
                "lon": -122.272863,
                "formatted": "Berkeley, CA, United States of America",
                "name": "",
                "housenumber": "",
                "suburb": "",
                "street": "",
                "postcode": "",
                "county_code": "",
                "district": "",
                "city": "Berkeley",
                "county": "Alameda County",
                "state": "California",
                "state_code": "CA",
                "country": "United States",
                "country_code": "us",
                "confidence": 1,
                "confidence_city_level": 1,
                "confidence_street_level": "",
                "confidence_building_level": "",
                "attribution": "© OpenStreetMap contributors",
                "attribution_license": "Open Database License",
                "attribution_url": "https://www.openstreetmap.org/copyright",
                "Address": "",
                "Architect_Date": "Hillside Club/City Engineer (1909)",
                "Designated": "18 Jul 1983",
                "Landmark": "Hillside Club Street Improvements in the Daley’s Scenic Park Tract \n(includes Annie’s Oak)"
            },
            "geometry": {
                "type": "Point",
                "coordinates": [
                    -122.272863,
                    37.8708393
                ]
            }
        },
        {
            "type": "Feature",
            "properties": {
                "original_Chron. No.": 76,
                "original_City’s No.": "#73",
                "original_  Initiated  ": "19 Sep 1983",
                "original_Notes": "CA State Historic Resources Inventory",
                "original_City": "Berkeley",
                "lat": 37.8671672965621,
                "lon": -122.26792546720766,
                "formatted": "2323 Shattuck Avenue, Berkeley, CA 94704, United States of America",
                "name": "",
                "housenumber": 2323,
                "suburb": "",
                "street": "Shattuck Avenue",
                "postcode": 94704,
                "county_code": "",
                "district": "Downtown Berkeley",
                "city": "Berkeley",
                "county": "Alameda County",
                "state": "California",
                "state_code": "CA",
                "country": "United States",
                "country_code": "us",
                "confidence": 1,
                "confidence_city_level": 1,
                "confidence_street_level": 1,
                "confidence_building_level": 1,
                "attribution": "© OpenStreetMap contributors",
                "attribution_license": "Open Database License",
                "attribution_url": "https://www.openstreetmap.org/copyright",
                "Address": "2323 Shattuck Avenue",
                "Architect_Date": "Walter H. Ratcliff, Jr. (1925)",
                "Designated": "17 Oct 1983",
                "Landmark": "Fidelity Guaranty Building & Loan Assn. Building"
            },
            "geometry": {
                "type": "Point",
                "coordinates": [
                    -122.2679255,
                    37.8671673
                ]
            }
        },
        {
            "type": "Feature",
            "properties": {
                "original_Chron. No.": 77,
                "original_City’s No.": "#74",
                "original_  Initiated  ": "19 Sep 1983",
                "original_Notes": "CA State Historic Resources Inventory",
                "original_City": "Berkeley",
                "lat": 37.867269,
                "lon": -122.263228,
                "formatted": "Durant Avenue & Ellsworth Street, Southside, Berkeley, CA, United States of America",
                "name": "Durant Avenue & Ellsworth Street",
                "housenumber": "",
                "suburb": "Southside",
                "street": "",
                "postcode": "",
                "county_code": "AA",
                "district": "",
                "city": "Berkeley",
                "county": "Alameda County",
                "state": "California",
                "state_code": "CA",
                "country": "United States",
                "country_code": "us",
                "confidence": 0,
                "confidence_city_level": 1,
                "confidence_street_level": "",
                "confidence_building_level": "",
                "attribution": "© OpenStreetMap contributors",
                "attribution_license": "Open Database License",
                "attribution_url": "https://www.openstreetmap.org/copyright",
                "Address": "2140 Durant Avenue at Fulton Street",
                "Architect_Date": "Frederick H. Reimers (1930)",
                "Designated": "17 Oct 1983",
                "Landmark": "Howard Automobile Co. Showroom"
            },
            "geometry": {
                "type": "Point",
                "coordinates": [
                    -122.263228,
                    37.867269
                ]
            }
        },
        {
            "type": "Feature",
            "properties": {
                "original_Chron. No.": 78,
                "original_City’s No.": "#75",
                "original_  Initiated  ": "17 Oct 1983",
                "original_Notes": "CA State Historic Resources Inventory",
                "original_City": "Berkeley",
                "lat": 37.87347655,
                "lon": -122.29976934163702,
                "formatted": "1614 Sixth Street, Berkeley, CA 94710, United States of America",
                "name": "",
                "housenumber": 1614,
                "suburb": "",
                "street": "Sixth Street",
                "postcode": 94710,
                "county_code": "",
                "district": "Ocean View",
                "city": "Berkeley",
                "county": "Alameda County",
                "state": "California",
                "state_code": "CA",
                "country": "United States",
                "country_code": "us",
                "confidence": 1,
                "confidence_city_level": 1,
                "confidence_street_level": 1,
                "confidence_building_level": 1,
                "attribution": "© OpenStreetMap contributors",
                "attribution_license": "Open Database License",
                "attribution_url": "https://www.openstreetmap.org/copyright",
                "Address": "1614 Sixth Street",
                "Architect_Date": "Frank Gimbal (1888)",
                "Designated": "21 Nov 1983",
                "Landmark": "Charles R. Brown House"
            },
            "geometry": {
                "type": "Point",
                "coordinates": [
                    -122.2997693,
                    37.8734765
                ]
            }
        },
        {
            "type": "Feature",
            "properties": {
                "original_Chron. No.": 79,
                "original_City’s No.": "#76",
                "original_  Initiated  ": "21 Nov 1983",
                "original_Notes": "",
                "original_City": "Berkeley",
                "lat": 37.8702109,
                "lon": -122.2703072,
                "formatted": "2125 Center Street, Berkeley, CA 94704, United States of America",
                "name": "Center Street",
                "housenumber": 2125,
                "suburb": "Downtown",
                "street": "Center Street",
                "postcode": 94704,
                "county_code": "AA",
                "district": "Downtown Berkeley",
                "city": "Berkeley",
                "county": "Alameda County",
                "state": "California",
                "state_code": "CA",
                "country": "United States",
                "country_code": "us",
                "confidence": 0.7,
                "confidence_city_level": 1,
                "confidence_street_level": 1,
                "confidence_building_level": 0.7,
                "attribution": "© OpenStreetMap contributors",
                "attribution_license": "Open Database License",
                "attribution_url": "https://www.openstreetmap.org/copyright",
                "Address": "2124–2126 Center Street",
                "Architect_Date": "Louis S. Stone & Henry C. Smith (1902)",
                "Designated": "19 Dec 1983",
                "Landmark": "Mikkelsen & Berry Building"
            },
            "geometry": {
                "type": "Point",
                "coordinates": [
                    -122.2703072,
                    37.8702109
                ]
            }
        },
        {
            "type": "Feature",
            "properties": {
                "original_Chron. No.": 80,
                "original_City’s No.": "#77",
                "original_  Initiated  ": "17 Oct 1983",
                "original_Notes": "CA State Historic Resources Inventory",
                "original_City": "Berkeley",
                "lat": 37.875285,
                "lon": -122.265138,
                "formatted": "1815 Spruce Street, Berkeley, CA 94709, United States of America",
                "name": "",
                "housenumber": 1815,
                "suburb": "North",
                "street": "Spruce Street",
                "postcode": 94709,
                "county_code": "AA",
                "district": "",
                "city": "Berkeley",
                "county": "Alameda County",
                "state": "California",
                "state_code": "CA",
                "country": "United States",
                "country_code": "us",
                "confidence": 0.6666666666666667,
                "confidence_city_level": 1,
                "confidence_street_level": 0.6666666666666667,
                "confidence_building_level": 0.6666666666666667,
                "attribution": "© OpenAddresses contributors",
                "attribution_license": "BSD-3-Clause License",
                "attribution_url": "",
                "Address": "1781–1851 Spruce Street (except 1815 Spruce)",
                "Architect_Date": "William Raymond Yelland (1926); Jack W. Thornburg (1927–1928); Charles E.J. \nRogers (1941–1955)",
                "Designated": "19 Dec 1983",
                "Landmark": "Thornburg Village (Normandy Village)"
            },
            "geometry": {
                "type": "Point",
                "coordinates": [
                    -122.265138,
                    37.875285
                ]
            }
        },
        {
            "type": "Feature",
            "properties": {
                "original_Chron. No.": 81,
                "original_City’s No.": "#78",
                "original_  Initiated  ": "23 Jan 1984",
                "original_Notes": "CA State Historic Resources Inventory",
                "original_City": "Berkeley",
                "lat": 37.871926,
                "lon": -122.268097,
                "formatted": "48 Shattuck Square, Berkeley, CA 94704, United States of America",
                "name": "",
                "housenumber": 48,
                "suburb": "Downtown",
                "street": "Shattuck Square",
                "postcode": 94704,
                "county_code": "AA",
                "district": "",
                "city": "Berkeley",
                "county": "Alameda County",
                "state": "California",
                "state_code": "CA",
                "country": "United States",
                "country_code": "us",
                "confidence": 1,
                "confidence_city_level": 1,
                "confidence_street_level": 1,
                "confidence_building_level": 1,
                "attribution": "© OpenAddresses contributors",
                "attribution_license": "BSD-3-Clause License",
                "attribution_url": "",
                "Address": "48 Shattuck Square",
                "Architect_Date": "James R. Miller & Timothy L. Pflueger (1926)",
                "Designated": "27 Feb 1984",
                "Landmark": "Shattuck Square Building"
            },
            "geometry": {
                "type": "Point",
                "coordinates": [
                    -122.268097,
                    37.871926
                ]
            }
        },
        {
            "type": "Feature",
            "properties": {
                "original_Chron. No.": 82,
                "original_City’s No.": "#78",
                "original_  Initiated  ": "23 Jan 1984",
                "original_Notes": "CA State Historic Resources Inventory",
                "original_City": "Berkeley",
                "lat": 37.8500081,
                "lon": -122.2658195,
                "formatted": "82 Shattuck Avenue, Berkeley, CA 94704, United States of America",
                "name": "Shattuck Avenue",
                "housenumber": 82,
                "suburb": "",
                "street": "Shattuck Avenue",
                "postcode": 94704,
                "county_code": "",
                "district": "Downtown Berkeley",
                "city": "Berkeley",
                "county": "Alameda County",
                "state": "California",
                "state_code": "CA",
                "country": "United States",
                "country_code": "us",
                "confidence": 0.75,
                "confidence_city_level": 1,
                "confidence_street_level": 1,
                "confidence_building_level": 0.75,
                "attribution": "© OpenStreetMap contributors",
                "attribution_license": "Open Database License",
                "attribution_url": "https://www.openstreetmap.org/copyright",
                "Address": "82 Shattuck Square",
                "Architect_Date": "James R. Miller & Timothy L. Pflueger (1926)",
                "Designated": "27 Feb 1984",
                "Landmark": "Shattuck Square Building"
            },
            "geometry": {
                "type": "Point",
                "coordinates": [
                    -122.2658195,
                    37.8500081
                ]
            }
        },
        {
            "type": "Feature",
            "properties": {
                "original_Chron. No.": 83,
                "original_City’s No.": "#79",
                "original_  Initiated  ": "23 Jan 1984",
                "original_Notes": "CA State Historic Resources Inventory",
                "original_City": "Berkeley",
                "lat": 37.867203674418604,
                "lon": -122.25736841860466,
                "formatted": "2547 Channing Way, Berkeley, CA 94704, United States of America",
                "name": "",
                "housenumber": 2547,
                "suburb": "",
                "street": "Channing Way",
                "postcode": 94704,
                "county_code": "",
                "district": "Southside",
                "city": "Berkeley",
                "county": "Alameda County",
                "state": "California",
                "state_code": "CA",
                "country": "United States",
                "country_code": "us",
                "confidence": 1,
                "confidence_city_level": 1,
                "confidence_street_level": 1,
                "confidence_building_level": 1,
                "attribution": "© OpenStreetMap contributors",
                "attribution_license": "Open Database License",
                "attribution_url": "https://www.openstreetmap.org/copyright",
                "Address": "2547 Channing Way",
                "Architect_Date": "William Mooser & Son (1899)",
                "Designated": "27 Feb 1984",
                "Landmark": "Samuel G. Davis House"
            },
            "geometry": {
                "type": "Point",
                "coordinates": [
                    -122.2573684,
                    37.8672037
                ]
            }
        },
        {
            "type": "Feature",
            "properties": {
                "original_Chron. No.": 84,
                "original_City’s No.": "#80",
                "original_  Initiated  ": "27 Feb 1984",
                "original_Notes": "#82002163, National Register of Historic Places (1982)",
                "original_City": "Berkeley",
                "lat": 37.867939,
                "lon": -122.2679776,
                "formatted": "2273 Shattuck Avenue, Berkeley, CA 94701, United States of America",
                "name": "Shattuck Avenue",
                "housenumber": 2273,
                "suburb": "Downtown",
                "street": "Shattuck Avenue",
                "postcode": 94701,
                "county_code": "AA",
                "district": "Downtown Berkeley",
                "city": "Berkeley",
                "county": "Alameda County",
                "state": "California",
                "state_code": "CA",
                "country": "United States",
                "country_code": "us",
                "confidence": 0.7,
                "confidence_city_level": 1,
                "confidence_street_level": 1,
                "confidence_building_level": 0.7,
                "attribution": "",
                "attribution_license": "",
                "attribution_url": "",
                "Address": "2271–2275 Shattuck Avenue",
                "Architect_Date": "William Raymond Yelland (1925)",
                "Designated": "19 Mar 1984",
                "Landmark": "Tupper & Reed Building (Sign of the Piper Restaurant; Metropol; Caf� \nPiper; Beckett’s Pub; now Tupper & Reed Cocktail Bar)"
            },
            "geometry": {
                "type": "Point",
                "coordinates": [
                    -122.2679776,
                    37.867939
                ]
            }
        },
        {
            "type": "Feature",
            "properties": {
                "original_Chron. No.": 85,
                "original_City’s No.": "#81",
                "original_  Initiated  ": "16 Apr 1984",
                "original_Notes": "CA State Historic Resources Inventory",
                "original_City": "Berkeley",
                "lat": 37.8649135,
                "lon": -122.2679298,
                "formatted": "Haste Street & Shattuck Avenue, 2440 Shattuck Avenue, Berkeley, CA 94701, United States of America",
                "name": "Haste Street & Shattuck Avenue",
                "housenumber": 2440,
                "suburb": "",
                "street": "Shattuck Avenue",
                "postcode": 94701,
                "county_code": "",
                "district": "Downtown Berkeley",
                "city": "Berkeley",
                "county": "Alameda County",
                "state": "California",
                "state_code": "CA",
                "country": "United States",
                "country_code": "us",
                "confidence": 0.21818181818181817,
                "confidence_city_level": 1,
                "confidence_street_level": 0.4,
                "confidence_building_level": 0.21818181818181817,
                "attribution": "© OpenStreetMap contributors",
                "attribution_license": "Open Database License",
                "attribution_url": "https://www.openstreetmap.org/copyright",
                "Address": "2429–2437 Shattuck Avenue at Haste Street",
                "Architect_Date": "George F. King (1911)",
                "Designated": "21 May 1984",
                "Landmark": "Morrill Apartments"
            },
            "geometry": {
                "type": "Point",
                "coordinates": [
                    -122.2679298,
                    37.8649135
                ]
            }
        },
        {
            "type": "Feature",
            "properties": {
                "original_Chron. No.": 87,
                "original_City’s No.": "#83",
                "original_  Initiated  ": "5 Jul 1984",
                "original_Notes": "",
                "original_City": "Berkeley",
                "lat": 37.865832,
                "lon": -122.297864,
                "formatted": "Berkeley, CA, United States of America",
                "name": "",
                "housenumber": "",
                "suburb": "",
                "street": "",
                "postcode": "",
                "county_code": "AA",
                "district": "",
                "city": "Berkeley",
                "county": "Alameda County",
                "state": "California",
                "state_code": "CA",
                "country": "United States",
                "country_code": "us",
                "confidence": 0.5,
                "confidence_city_level": 1,
                "confidence_street_level": "",
                "confidence_building_level": "",
                "attribution": "Who's On First",
                "attribution_license": "CC0",
                "attribution_url": "https://www.whosonfirst.org/docs/licenses/",
                "Address": "Claremont Avenue, The Uplands, Hillcrest Avenue, Brookside Avenue",
                "Architect_Date": "Frederick Law Olmsted, John Galen Howard (1905)",
                "Designated": "15 Oct 1984",
                "Landmark": "Claremont District Public Improvements"
            },
            "geometry": {
                "type": "Point",
                "coordinates": [
                    -122.297864,
                    37.865832
                ]
            }
        },
        {
            "type": "Feature",
            "properties": {
                "original_Chron. No.": 88,
                "original_City’s No.": "#84",
                "original_  Initiated  ": "17 Sep 1984",
                "original_Notes": "CA State Historic Resources Inventory",
                "original_City": "Berkeley",
                "lat": 37.8662639,
                "lon": -122.2563555,
                "formatted": "2448 Bowditch Street, Berkeley, CA 94704, United States of America",
                "name": "",
                "housenumber": 2448,
                "suburb": "Telegraph Avenue",
                "street": "Bowditch Street",
                "postcode": 94704,
                "county_code": "AA",
                "district": "",
                "city": "Berkeley",
                "county": "Alameda County",
                "state": "California",
                "state_code": "CA",
                "country": "United States",
                "country_code": "us",
                "confidence": 0.1875,
                "confidence_city_level": 1,
                "confidence_street_level": 0.375,
                "confidence_building_level": 0.028846153846153848,
                "attribution": "",
                "attribution_license": "",
                "attribution_url": "",
                "Address": "2526 Haste Street/2448 Bowditch Street/2551 Dwight Way",
                "Architect_Date": -1969,
                "Designated": "19 Nov 1984",
                "Landmark": "People’s Park"
            },
            "geometry": {
                "type": "Point",
                "coordinates": [
                    -122.2563555,
                    37.8662639
                ]
            }
        },
        {
            "type": "Feature",
            "properties": {
                "original_Chron. No.": 89,
                "original_City’s No.": "#85",
                "original_  Initiated  ": "19 Nov 1984",
                "original_Notes": "#85001916, National Register of Historic Places (1985); Conservation \neasement held by CA Preservation Foundation",
                "original_City": "Berkeley",
                "lat": 37.8649135,
                "lon": -122.2679298,
                "formatted": "Haste Street & Shattuck Avenue, 2440 Shattuck Avenue, Berkeley, CA 94701, United States of America",
                "name": "Haste Street & Shattuck Avenue",
                "housenumber": 2440,
                "suburb": "",
                "street": "Shattuck Avenue",
                "postcode": 94701,
                "county_code": "",
                "district": "Downtown Berkeley",
                "city": "Berkeley",
                "county": "Alameda County",
                "state": "California",
                "state_code": "CA",
                "country": "United States",
                "country_code": "us",
                "confidence": 0.2,
                "confidence_city_level": 1,
                "confidence_street_level": 0.4,
                "confidence_building_level": 0.008,
                "attribution": "© OpenStreetMap contributors",
                "attribution_license": "Open Database License",
                "attribution_url": "https://www.openstreetmap.org/copyright",
                "Address": "2140–2144 Shattuck Avenue at Center Street",
                "Architect_Date": "Walter H. Ratcliff, Jr. (1925)",
                "Designated": "17 Dec 1984",
                "Landmark": "Chamber of Commerce Building (Wells Fargo Building; American Trust \nBuilding)"
            },
            "geometry": {
                "type": "Point",
                "coordinates": [
                    -122.2679298,
                    37.8649135
                ]
            }
        },
        {
            "type": "Feature",
            "properties": {
                "original_Chron. No.": 90,
                "original_City’s No.": "#86",
                "original_  Initiated  ": "19 Nov 1984",
                "original_Notes": "CA State Historic Resources Inventory",
                "original_City": "Berkeley",
                "lat": 37.8649135,
                "lon": -122.2679298,
                "formatted": "Haste Street & Shattuck Avenue, 2440 Shattuck Avenue, Berkeley, CA 94701, United States of America",
                "name": "Haste Street & Shattuck Avenue",
                "housenumber": 2440,
                "suburb": "",
                "street": "Shattuck Avenue",
                "postcode": 94701,
                "county_code": "",
                "district": "Downtown Berkeley",
                "city": "Berkeley",
                "county": "Alameda County",
                "state": "California",
                "state_code": "CA",
                "country": "United States",
                "country_code": "us",
                "confidence": 0.2,
                "confidence_city_level": 1,
                "confidence_street_level": 0.4,
                "confidence_building_level": 0.007079646017699115,
                "attribution": "© OpenStreetMap contributors",
                "attribution_license": "Open Database License",
                "attribution_url": "https://www.openstreetmap.org/copyright",
                "Address": "2101 Shattuck Avenue at Addison Street",
                "Architect_Date": "Walter H. Ratcliff, Jr. (1928)",
                "Designated": "21 Jan 1985",
                "Landmark": "Mason-McDuffie Building (Mobilia Furniture)"
            },
            "geometry": {
                "type": "Point",
                "coordinates": [
                    -122.2679298,
                    37.8649135
                ]
            }
        },
        {
            "type": "Feature",
            "properties": {
                "original_Chron. No.": 91,
                "original_City’s No.": "#89",
                "original_  Initiated  ": "18 Mar 1985",
                "original_Notes": "Civic Center Historic District; #98000963, National Register of Historic \nPlaces (1998)",
                "original_City": "Berkeley",
                "lat": 37.8702374,
                "lon": -122.2717906,
                "formatted": "1931 Center Street, Berkeley, CA 94704, United States of America",
                "name": "",
                "housenumber": 1931,
                "suburb": "",
                "street": "Center Street",
                "postcode": 94704,
                "county_code": "",
                "district": "Downtown Berkeley",
                "city": "Berkeley",
                "county": "Alameda County",
                "state": "California",
                "state_code": "CA",
                "country": "United States",
                "country_code": "us",
                "confidence": 1,
                "confidence_city_level": 1,
                "confidence_street_level": 1,
                "confidence_building_level": 1,
                "attribution": "© OpenStreetMap contributors",
                "attribution_license": "Open Database License",
                "attribution_url": "https://www.openstreetmap.org/copyright",
                "Address": "1931 Center Street",
                "Architect_Date": "Henry H. Meyers (1928)",
                "Designated": "15 Apr 1985",
                "Landmark": "Veterans’ Memorial Building"
            },
            "geometry": {
                "type": "Point",
                "coordinates": [
                    -122.2717906,
                    37.8702374
                ]
            }
        },
        {
            "type": "Feature",
            "properties": {
                "original_Chron. No.": 92,
                "original_City’s No.": "#88",
                "original_  Initiated  ": "18 Mar 1985",
                "original_Notes": "Civic Center Historic District; #98000963, National Register of Historic \nPlaces (1998)",
                "original_City": "Berkeley",
                "lat": 37.8694472,
                "lon": -122.2707951440787,
                "formatted": "Martin Luther King Jr. Civic Center Building, 2180 Milvia Street, Berkeley, CA 94704, United States of America",
                "name": "Martin Luther King Jr. Civic Center Building",
                "housenumber": 2180,
                "suburb": "",
                "street": "Milvia Street",
                "postcode": 94704,
                "county_code": "",
                "district": "Downtown Berkeley",
                "city": "Berkeley",
                "county": "Alameda County",
                "state": "California",
                "state_code": "CA",
                "country": "United States",
                "country_code": "us",
                "confidence": 1,
                "confidence_city_level": 1,
                "confidence_street_level": 1,
                "confidence_building_level": 1,
                "attribution": "© OpenStreetMap contributors",
                "attribution_license": "Open Database License",
                "attribution_url": "https://www.openstreetmap.org/copyright",
                "Address": "2180 Milvia Street",
                "Architect_Date": "James W. Plachek (1938)",
                "Designated": "15 Apr 1985",
                "Landmark": "Federal Land Bank (Farm Credit Administration; Civic Center Building)"
            },
            "geometry": {
                "type": "Point",
                "coordinates": [
                    -122.2707951,
                    37.8694472
                ]
            }
        },
        {
            "type": "Feature",
            "properties": {
                "original_Chron. No.": 93,
                "original_City’s No.": "#90",
                "original_  Initiated  ": "15 Apr 1985",
                "original_Notes": "CA State Historic Resources Inventory",
                "original_City": "Berkeley",
                "lat": 37.88298565,
                "lon": -122.25668967559477,
                "formatted": "2900 Buena Vista Way, Berkeley, CA 94708, United States of America",
                "name": "",
                "housenumber": 2900,
                "suburb": "",
                "street": "Buena Vista Way",
                "postcode": 94708,
                "county_code": "",
                "district": "La Loma Park",
                "city": "Berkeley",
                "county": "Alameda County",
                "state": "California",
                "state_code": "CA",
                "country": "United States",
                "country_code": "us",
                "confidence": 1,
                "confidence_city_level": 1,
                "confidence_street_level": 1,
                "confidence_building_level": 1,
                "attribution": "© OpenStreetMap contributors",
                "attribution_license": "Open Database License",
                "attribution_url": "https://www.openstreetmap.org/copyright",
                "Address": "2900 Buena Vista Way",
                "Architect_Date": "John Hudson Thomas (1927)",
                "Designated": "17 Jun 1985",
                "Landmark": "Samuel Hume House (Hume Cloister; Hume Castle)"
            },
            "geometry": {
                "type": "Point",
                "coordinates": [
                    -122.2566897,
                    37.8829857
                ]
            }
        },
        {
            "type": "Feature",
            "properties": {
                "original_Chron. No.": 94,
                "original_City’s No.": "#92",
                "original_  Initiated  ": "28 May 1985",
                "original_Notes": "CA State Historic Resources Inventory",
                "original_City": "Berkeley",
                "lat": 37.87054545,
                "lon": -122.29785755,
                "formatted": "834 Delaware Street, Berkeley, CA 94710, United States of America",
                "name": "",
                "housenumber": 834,
                "suburb": "",
                "street": "Delaware Street",
                "postcode": 94710,
                "county_code": "",
                "district": "West Berkeley",
                "city": "Berkeley",
                "county": "Alameda County",
                "state": "California",
                "state_code": "CA",
                "country": "United States",
                "country_code": "us",
                "confidence": 1,
                "confidence_city_level": 1,
                "confidence_street_level": 1,
                "confidence_building_level": 1,
                "attribution": "© OpenStreetMap contributors",
                "attribution_license": "Open Database License",
                "attribution_url": "https://www.openstreetmap.org/copyright",
                "Address": "834 Delaware Street",
                "Architect_Date": "(1874–75)",
                "Designated": "17 Jun 1985",
                "Landmark": "Captain Higgins’ Temperance Grocery Store (Captain Bowen’s Inn; Heywood & \nSon)"
            },
            "geometry": {
                "type": "Point",
                "coordinates": [
                    -122.2978576,
                    37.8705454
                ]
            }
        },
        {
            "type": "Feature",
            "properties": {
                "original_Chron. No.": 95,
                "original_City’s No.": "#93",
                "original_  Initiated  ": "28 May 1985",
                "original_Notes": "",
                "original_City": "Berkeley",
                "lat": 37.88066645000001,
                "lon": -122.30686439387591,
                "formatted": "1120 Second Street, Berkeley, CA 94710, United States of America",
                "name": "",
                "housenumber": 1120,
                "suburb": "",
                "street": "Second Street",
                "postcode": 94710,
                "county_code": "",
                "district": "",
                "city": "Berkeley",
                "county": "Alameda County",
                "state": "California",
                "state_code": "CA",
                "country": "United States",
                "country_code": "us",
                "confidence": 1,
                "confidence_city_level": 1,
                "confidence_street_level": 1,
                "confidence_building_level": 1,
                "attribution": "© OpenStreetMap contributors",
                "attribution_license": "Open Database License",
                "attribution_url": "https://www.openstreetmap.org/copyright",
                "Address": "1120 Second Street",
                "Architect_Date": "Griscom-Russell Co. (1913)",
                "Designated": "15 Jul 1985",
                "Landmark": "Berkeley Municipal Incinerator"
            },
            "geometry": {
                "type": "Point",
                "coordinates": [
                    -122.3068644,
                    37.8806665
                ]
            }
        },
        {
            "type": "Feature",
            "properties": {
                "original_Chron. No.": 96,
                "original_City’s No.": "#96",
                "original_  Initiated  ": "17 Jun 1985",
                "original_Notes": "First assessed in 1907; built for realtor Henry S. Patton",
                "original_City": "Berkeley",
                "lat": 37.877336,
                "lon": -122.294873,
                "formatted": "San Pablo Avenue & Page Street, Westbrae, Berkeley, CA, United States of America",
                "name": "San Pablo Avenue & Page Street",
                "housenumber": "",
                "suburb": "Westbrae",
                "street": "",
                "postcode": "",
                "county_code": "AA",
                "district": "",
                "city": "Berkeley",
                "county": "Alameda County",
                "state": "California",
                "state_code": "CA",
                "country": "United States",
                "country_code": "us",
                "confidence": 0,
                "confidence_city_level": 1,
                "confidence_street_level": "",
                "confidence_building_level": "",
                "attribution": "© OpenStreetMap contributors",
                "attribution_license": "Open Database License",
                "attribution_url": "https://www.openstreetmap.org/copyright",
                "Address": "1523–1531 San Pablo Avenue at Hopkins Street",
                "Architect_Date": "(1906–07)",
                "Designated": "15 Jul 1985",
                "Landmark": "Fullen Market Building (Henry S. Patton Building)"
            },
            "geometry": {
                "type": "Point",
                "coordinates": [
                    -122.294873,
                    37.877336
                ]
            }
        },
        {
            "type": "Feature",
            "properties": {
                "original_Chron. No.": 97,
                "original_City’s No.": "#94",
                "original_  Initiated  ": "17 Jun 1985",
                "original_Notes": "Structure of Merit",
                "original_City": "Berkeley",
                "lat": 37.854473,
                "lon": -122.287495,
                "formatted": "San Pablo Avenue & Heinz Avenue, Southwest Berkeley, Berkeley, CA, United States of America",
                "name": "San Pablo Avenue & Heinz Avenue",
                "housenumber": "",
                "suburb": "Southwest Berkeley",
                "street": "",
                "postcode": "",
                "county_code": "AA",
                "district": "",
                "city": "Berkeley",
                "county": "Alameda County",
                "state": "California",
                "state_code": "CA",
                "country": "United States",
                "country_code": "us",
                "confidence": 0,
                "confidence_city_level": 1,
                "confidence_street_level": "",
                "confidence_building_level": "",
                "attribution": "© OpenStreetMap contributors",
                "attribution_license": "Open Database License",
                "attribution_url": "https://www.openstreetmap.org/copyright",
                "Address": "2001 San Pablo Avenue at University Avenue",
                "Architect_Date": "Spiveck & Spiveck (1930)",
                "Designated": "15 Jul 1985",
                "Landmark": "Weisbrod Building (Guy’s Drugs)"
            },
            "geometry": {
                "type": "Point",
                "coordinates": [
                    -122.287495,
                    37.854473
                ]
            }
        },
        {
            "type": "Feature",
            "properties": {
                "original_Chron. No.": 98,
                "original_City’s No.": "#95",
                "original_  Initiated  ": "17 Jun 1985",
                "original_Notes": "CA State Historic Resources Inventory",
                "original_City": "Berkeley",
                "lat": 37.86812315,
                "lon": -122.25046469638818,
                "formatted": "2901 Channing Way, Berkeley, CA 94720, United States of America",
                "name": "",
                "housenumber": 2901,
                "suburb": "",
                "street": "Channing Way",
                "postcode": 94720,
                "county_code": "",
                "district": "Panoramic Hill",
                "city": "Berkeley",
                "county": "Alameda County",
                "state": "California",
                "state_code": "CA",
                "country": "United States",
                "country_code": "us",
                "confidence": 1,
                "confidence_city_level": 1,
                "confidence_street_level": 1,
                "confidence_building_level": 1,
                "attribution": "© OpenStreetMap contributors",
                "attribution_license": "Open Database License",
                "attribution_url": "https://www.openstreetmap.org/copyright",
                "Address": "2901 Channing Way",
                "Architect_Date": "Julia Morgan (1905)",
                "Designated": "15 Jul 1985",
                "Landmark": "William E. Colby House (Blossom House)"
            },
            "geometry": {
                "type": "Point",
                "coordinates": [
                    -122.2504647,
                    37.8681232
                ]
            }
        },
        {
            "type": "Feature",
            "properties": {
                "original_Chron. No.": 99,
                "original_City’s No.": "#97",
                "original_  Initiated  ": "13 Jun 1985",
                "original_Notes": "CA State Historic Resources Inventory. The Copra Warehouse at 740 Heinz St. \nwas sacrificed in 2013.",
                "original_City": "Berkeley",
                "lat": 37.8533342,
                "lon": -122.2917665,
                "formatted": "7th Street & Heinz Avenue, Seventh Street, Berkeley, CA 94702, United States of America",
                "name": "7th Street & Heinz Avenue",
                "housenumber": "",
                "suburb": "Southwest Berkeley",
                "street": "Seventh Street",
                "postcode": 94702,
                "county_code": "AA",
                "district": "San Pablo Park",
                "city": "Berkeley",
                "county": "Alameda County",
                "state": "California",
                "state_code": "CA",
                "country": "United States",
                "country_code": "us",
                "confidence": 0,
                "confidence_city_level": 1,
                "confidence_street_level": "",
                "confidence_building_level": "",
                "attribution": "© OpenStreetMap contributors",
                "attribution_license": "Open Database License",
                "attribution_url": "https://www.openstreetmap.org/copyright",
                "Address": "2900 Fifth Street at Heinz Avenue",
                "Architect_Date": "Paulson & Marini (1916); Trygve Ronneberg (1929)",
                "Designated": "6 Aug 1985",
                "Landmark": "Durkee Famous Foods Plant"
            },
            "geometry": {
                "type": "Point",
                "coordinates": [
                    -122.2917665,
                    37.8533342
                ]
            }
        },
        {
            "type": "Feature",
            "properties": {
                "original_Chron. No.": 100,
                "original_City’s No.": "#98",
                "original_  Initiated  ": "21 Oct 1985",
                "original_Notes": "",
                "original_City": "Berkeley",
                "lat": 37.868366979221946,
                "lon": -122.29519414488759,
                "formatted": "921 University Avenue, Berkeley, CA 94710, United States of America",
                "name": "",
                "housenumber": 921,
                "suburb": "",
                "street": "University Avenue",
                "postcode": 94710,
                "county_code": "",
                "district": "West Berkeley",
                "city": "Berkeley",
                "county": "Alameda County",
                "state": "California",
                "state_code": "CA",
                "country": "United States",
                "country_code": "us",
                "confidence": 1,
                "confidence_city_level": 1,
                "confidence_street_level": 1,
                "confidence_building_level": 1,
                "attribution": "© OpenStreetMap contributors",
                "attribution_license": "Open Database License",
                "attribution_url": "https://www.openstreetmap.org/copyright",
                "Address": "921 University Avenue",
                "Architect_Date": -1875,
                "Designated": "18 Nov 1985",
                "Landmark": "Suendermann Plumbing Co."
            },
            "geometry": {
                "type": "Point",
                "coordinates": [
                    -122.2951941,
                    37.868367
                ]
            },
            "id": 99
        }
    ]
}