{"type":"FeatureCollection","features":[{"type":"Feature","properties":{"original_COUNTY":"Alameda","original_YEAR":"2023.0","original_STREET_ADDRESS":"1510 WEBSTER ST, Oakland, CA 94612","original_PROJECT_NAME":"1510 Webster Street","original_HOUSING_UNITS":5,"original_STATE":"California","latitude":37.8044557,"longitude":-122.271356,"formatted":"Oakland, CA, United States of America","name":"","housenumber":"","street":"","postcode":"","district":"","suburb":"","city":"Oakland","county_code":"","county":"Alameda County","state":"California","state_code":"CA","country":"United States","country_code":"us","confidence":0.5,"confidence_city_level":1,"confidence_street_level":"","confidence_building_level":"","attribution":"© OpenStreetMap contributors","attribution_license":"Open Database License","attribution_url":"https://www.openstreetmap.org/copyright"},"geometry":{"type":"Point","coordinates":[-122.271356,37.8044557]}},{"type":"Feature","properties":{"original_COUNTY":"Alameda","original_YEAR":"2023.0","original_STREET_ADDRESS":"3403 PIEDMONT AVE, Oakland, CA 94611","original_PROJECT_NAME":"REVISION to previously approved PLN21042","original_HOUSING_UNITS":5,"original_STATE":"California","latitude":37.8044557,"longitude":-122.271356,"formatted":"Oakland, CA, United States of America","name":"","housenumber":"","street":"","postcode":"","district":"","suburb":"","city":"Oakland","county_code":"","county":"Alameda County","state":"California","state_code":"CA","country":"United States","country_code":"us","confidence":0.5,"confidence_city_level":1,"confidence_street_level":"","confidence_building_level":"","attribution":"© OpenStreetMap contributors","attribution_license":"Open Database License","attribution_url":"https://www.openstreetmap.org/copyright"},"geometry":{"type":"Point","coordinates":[-122.271356,37.8044557]}},{"type":"Feature","properties":{"original_COUNTY":"Alameda","original_YEAR":"2023.0","original_STREET_ADDRESS":"430 BROADWAY, Oakland, CA 94607","original_PROJECT_NAME":"SB 35 application for 430 Broadway","original_HOUSING_UNITS":5,"original_STATE":"California","latitude":37.8044557,"longitude":-122.271356,"formatted":"Oakland, CA, United States of America","name":"","housenumber":"","street":"","postcode":"","district":"","suburb":"","city":"Oakland","county_code":"","county":"Alameda County","state":"California","state_code":"CA","country":"United States","country_code":"us","confidence":0.5,"confidence_city_level":1,"confidence_street_level":"","confidence_building_level":"","attribution":"© OpenStreetMap contributors","attribution_license":"Open Database License","attribution_url":"https://www.openstreetmap.org/copyright"},"geometry":{"type":"Point","coordinates":[-122.271356,37.8044557]}},{"type":"Feature","properties":{"original_COUNTY":"Alameda","original_YEAR":"2023.0","original_STREET_ADDRESS":"1433 12TH AVE, Oakland, CA 94606","original_PROJECT_NAME":"SB 35 proposal","original_HOUSING_UNITS":5,"original_STATE":"California","latitude":37.8044557,"longitude":-122.271356,"formatted":"Oakland, CA, United States of America","name":"","housenumber":"","street":"","postcode":"","district":"","suburb":"","city":"Oakland","county_code":"","county":"Alameda County","state":"California","state_code":"CA","country":"United States","country_code":"us","confidence":0.5,"confidence_city_level":1,"confidence_street_level":"","confidence_building_level":"","attribution":"© OpenStreetMap contributors","attribution_license":"Open Database License","attribution_url":"https://www.openstreetmap.org/copyright"},"geometry":{"type":"Point","coordinates":[-122.271356,37.8044557]}},{"type":"Feature","properties":{"original_COUNTY":"Alameda","original_YEAR":"2023.0","original_STREET_ADDRESS":"820 W MACARTHUR BLVD, Oakland, CA 94608","original_PROJECT_NAME":"","original_HOUSING_UNITS":5,"original_STATE":"California","latitude":37.8044557,"longitude":-122.271356,"formatted":"Oakland, CA, United States of America","name":"","housenumber":"","street":"","postcode":"","district":"","suburb":"","city":"Oakland","county_code":"","county":"Alameda County","state":"California","state_code":"CA","country":"United States","country_code":"us","confidence":0.5,"confidence_city_level":1,"confidence_street_level":"","confidence_building_level":"","attribution":"© OpenStreetMap contributors","attribution_license":"Open Database License","attribution_url":"https://www.openstreetmap.org/copyright"},"geometry":{"type":"Point","coordinates":[-122.271356,37.8044557]}},{"type":"Feature","properties":{"original_COUNTY":"Alameda","original_YEAR":"2021.0","original_STREET_ADDRESS":"37660 Timber Street","original_PROJECT_NAME":"Timber Street Senior Housing","original_HOUSING_UNITS":5,"original_STATE":"California","latitude":37.53783515,"longitude":-122.016892659037,"formatted":"37660 Timber Street, Newark, CA 94560, United States of America","name":"","housenumber":37660,"street":"Timber Street","postcode":94560,"district":"","suburb":"","city":"Newark","county_code":"","county":"Alameda County","state":"California","state_code":"CA","country":"United States","country_code":"us","confidence":1,"confidence_city_level":1,"confidence_street_level":1,"confidence_building_level":1,"attribution":"© OpenStreetMap contributors","attribution_license":"Open Database License","attribution_url":"https://www.openstreetmap.org/copyright"},"geometry":{"type":"Point","coordinates":[-122.0168927,37.5378351]}},{"type":"Feature","properties":{"original_COUNTY":"San Francisco","original_YEAR":2021,"original_STREET_ADDRESS":"300 DE HARO ST","original_PROJECT_NAME":"300 De Haro Street","original_HOUSING_UNITS":5,"original_STATE":"California","latitude":37.7657863,"longitude":-122.402117213524,"formatted":"300 De Haro Street, San Francisco, CA 90103, United States of America","name":"","housenumber":300,"street":"De Haro Street","postcode":90103,"district":"","suburb":"Potrero Hill","city":"San Francisco","county_code":"","county":"","state":"California","state_code":"CA","country":"United States","country_code":"us","confidence":1,"confidence_city_level":1,"confidence_street_level":1,"confidence_building_level":1,"attribution":"© OpenStreetMap contributors","attribution_license":"Open Database License","attribution_url":"https://www.openstreetmap.org/copyright"},"geometry":{"type":"Point","coordinates":[-122.4021172,37.7657863]}},{"type":"Feature","properties":{"original_COUNTY":"Alameda","original_YEAR":2023,"original_STREET_ADDRESS":"37447 Fremont Blvd","original_PROJECT_NAME":"Veranda Mixed-Use Project - Main Units","original_HOUSING_UNITS":5,"original_STATE":"California","latitude":37.557950070998,"longitude":-122.006157006659,"formatted":"37447 Fremont Boulevard, Fremont, CA 94536, United States of America","name":"","housenumber":37447,"street":"Fremont Boulevard","postcode":94536,"district":"","suburb":"Centerville District","city":"Fremont","county_code":"","county":"Alameda County","state":"California","state_code":"CA","country":"United States","country_code":"us","confidence":1,"confidence_city_level":1,"confidence_street_level":1,"confidence_building_level":1,"attribution":"© OpenStreetMap contributors","attribution_license":"Open Database License","attribution_url":"https://www.openstreetmap.org/copyright"},"geometry":{"type":"Point","coordinates":[-122.006157,37.5579501]}},{"type":"Feature","properties":{"original_COUNTY":"San Francisco","original_YEAR":"2022.0","original_STREET_ADDRESS":"639 Bryant St","original_PROJECT_NAME":"639 BRYANT ST","original_HOUSING_UNITS":5,"original_STATE":"California","latitude":37.7788039183673,"longitude":-122.398879102041,"formatted":"639 Bryant Street, San Francisco, CA 94107, United States of America","name":"","housenumber":639,"street":"Bryant Street","postcode":94107,"district":"South Beach","suburb":"South of Market","city":"San Francisco","county_code":"","county":"","state":"California","state_code":"CA","country":"United States","country_code":"us","confidence":1,"confidence_city_level":1,"confidence_street_level":1,"confidence_building_level":1,"attribution":"© OpenStreetMap contributors","attribution_license":"Open Database License","attribution_url":"https://www.openstreetmap.org/copyright"},"geometry":{"type":"Point","coordinates":[-122.3988791,37.7788039]}},{"type":"Feature","properties":{"original_COUNTY":"Alameda","original_YEAR":"2023.0","original_STREET_ADDRESS":"2538 Durant Ave","original_PROJECT_NAME":"","original_HOUSING_UNITS":5,"original_STATE":"California","latitude":37.867862598497,"longitude":-122.258062388855,"formatted":"2538 Durant Avenue, Berkeley, CA 94704, United States of America","name":"","housenumber":2538,"street":"Durant Avenue","postcode":94704,"district":"Southside","suburb":"","city":"Berkeley","county_code":"","county":"Alameda County","state":"California","state_code":"CA","country":"United States","country_code":"us","confidence":1,"confidence_city_level":1,"confidence_street_level":1,"confidence_building_level":1,"attribution":"© OpenStreetMap contributors","attribution_license":"Open Database License","attribution_url":"https://www.openstreetmap.org/copyright"},"geometry":{"type":"Point","coordinates":[-122.2580624,37.8678626]}},{"type":"Feature","properties":{"original_COUNTY":"Alameda","original_YEAR":"2023.0","original_STREET_ADDRESS":"1598 University Ave","original_PROJECT_NAME":"","original_HOUSING_UNITS":5,"original_STATE":"California","latitude":37.8703949,"longitude":-122.279931145471,"formatted":"1598 University Avenue, Berkeley, CA 94703, United States of America","name":"","housenumber":1598,"street":"University Avenue","postcode":94703,"district":"Central Berkeley","suburb":"","city":"Berkeley","county_code":"","county":"Alameda County","state":"California","state_code":"CA","country":"United States","country_code":"us","confidence":1,"confidence_city_level":1,"confidence_street_level":1,"confidence_building_level":1,"attribution":"© OpenStreetMap contributors","attribution_license":"Open Database License","attribution_url":"https://www.openstreetmap.org/copyright"},"geometry":{"type":"Point","coordinates":[-122.2799311,37.8703949]}},{"type":"Feature","properties":{"original_COUNTY":"Alameda","original_YEAR":"2023.0","original_STREET_ADDRESS":"3031 Telegraph Ave","original_PROJECT_NAME":"","original_HOUSING_UNITS":5,"original_STATE":"California","latitude":37.8549976,"longitude":-122.259587649212,"formatted":"3031 Telegraph Avenue, Berkeley, CA 94705, United States of America","name":"","housenumber":3031,"street":"Telegraph Avenue","postcode":94705,"district":"Elmwood","suburb":"","city":"Berkeley","county_code":"","county":"Alameda County","state":"California","state_code":"CA","country":"United States","country_code":"us","confidence":1,"confidence_city_level":1,"confidence_street_level":1,"confidence_building_level":1,"attribution":"© OpenStreetMap contributors","attribution_license":"Open Database License","attribution_url":"https://www.openstreetmap.org/copyright"},"geometry":{"type":"Point","coordinates":[-122.2595876,37.8549976]}},{"type":"Feature","properties":{"original_COUNTY":"Alameda","original_YEAR":"2023.0","original_STREET_ADDRESS":"3030 Telegraph","original_PROJECT_NAME":"","original_HOUSING_UNITS":5,"original_STATE":"California","latitude":37.854861,"longitude":-122.26035,"formatted":"3030 Telegraph Avenue, Berkeley, CA 94705, United States of America","name":"","housenumber":3030,"street":"Telegraph Avenue","postcode":94705,"district":"","suburb":"South Berkeley","city":"Berkeley","county_code":"AA","county":"Alameda County","state":"California","state_code":"CA","country":"United States","country_code":"us","confidence":1,"confidence_city_level":1,"confidence_street_level":1,"confidence_building_level":1,"attribution":"© OpenAddresses contributors","attribution_license":"BSD-3-Clause License","attribution_url":""},"geometry":{"type":"Point","coordinates":[-122.26035,37.854861]}},{"type":"Feature","properties":{"original_COUNTY":"Alameda","original_YEAR":"2023.0","original_STREET_ADDRESS":"2127-2159 Dwight","original_PROJECT_NAME":"","original_HOUSING_UNITS":5,"original_STATE":"California","latitude":37.8642853,"longitude":-122.266484604834,"formatted":"2127;2129;2131;2133 Dwight Way, Berkeley, CA 94701, United States of America","name":"","housenumber":"2127;2129;2131;2133","street":"Dwight Way","postcode":94701,"district":"LeConte","suburb":"","city":"Berkeley","county_code":"","county":"Alameda County","state":"California","state_code":"CA","country":"United States","country_code":"us","confidence":0.45,"confidence_city_level":1,"confidence_street_level":0.9,"confidence_building_level":2.53853290655761e-15,"attribution":"© OpenStreetMap contributors","attribution_license":"Open Database License","attribution_url":"https://www.openstreetmap.org/copyright"},"geometry":{"type":"Point","coordinates":[-122.2664846,37.8642853]}},{"type":"Feature","properties":{"original_COUNTY":"Alameda","original_YEAR":"2023.0","original_STREET_ADDRESS":"2712 Telegraph Ave","original_PROJECT_NAME":"","original_HOUSING_UNITS":5,"original_STATE":"California","latitude":37.8611099,"longitude":-122.2593095,"formatted":"2712 Telegraph Avenue, Berkeley, CA 94705, United States of America","name":"","housenumber":2712,"street":"Telegraph Avenue","postcode":94705,"district":"Southside","suburb":"","city":"Berkeley","county_code":"","county":"Alameda County","state":"California","state_code":"CA","country":"United States","country_code":"us","confidence":1,"confidence_city_level":1,"confidence_street_level":1,"confidence_building_level":1,"attribution":"© OpenStreetMap contributors","attribution_license":"Open Database License","attribution_url":"https://www.openstreetmap.org/copyright"},"geometry":{"type":"Point","coordinates":[-122.2593095,37.8611099]}},{"type":"Feature","properties":{"original_COUNTY":"Alameda","original_YEAR":"2023.0","original_STREET_ADDRESS":"2147 San Pablo Ave","original_PROJECT_NAME":"","original_HOUSING_UNITS":5,"original_STATE":"California","latitude":37.8670447,"longitude":-122.29105955,"formatted":"2147 San Pablo Avenue, Berkeley, CA 94702, United States of America","name":"","housenumber":2147,"street":"San Pablo Avenue","postcode":94702,"district":"Poets Corner","suburb":"","city":"Berkeley","county_code":"","county":"Alameda County","state":"California","state_code":"CA","country":"United States","country_code":"us","confidence":1,"confidence_city_level":1,"confidence_street_level":1,"confidence_building_level":1,"attribution":"© OpenStreetMap contributors","attribution_license":"Open Database License","attribution_url":"https://www.openstreetmap.org/copyright"},"geometry":{"type":"Point","coordinates":[-122.2910595,37.8670447]}},{"type":"Feature","properties":{"original_COUNTY":"Alameda","original_YEAR":"2023.0","original_STREET_ADDRESS":"2480 Bancroft Way","original_PROJECT_NAME":"","original_HOUSING_UNITS":5,"original_STATE":"California","latitude":37.868429,"longitude":-122.259672,"formatted":"2480 Bancroft Way, Berkeley, CA 94704, United States of America","name":"","housenumber":2480,"street":"Bancroft Way","postcode":94704,"district":"","suburb":"Telegraph Avenue","city":"Berkeley","county_code":"AA","county":"Alameda County","state":"California","state_code":"CA","country":"United States","country_code":"us","confidence":1,"confidence_city_level":1,"confidence_street_level":1,"confidence_building_level":1,"attribution":"© OpenAddresses contributors","attribution_license":"BSD-3-Clause License","attribution_url":""},"geometry":{"type":"Point","coordinates":[-122.259672,37.868429]}},{"type":"Feature","properties":{"original_COUNTY":"San Francisco","original_YEAR":"2023.0","original_STREET_ADDRESS":"967 Mission St","original_PROJECT_NAME":"967 MISSION ST","original_HOUSING_UNITS":5,"original_STATE":"California","latitude":37.7814452571429,"longitude":-122.407961342857,"formatted":"967 Mission Street, San Francisco, CA 94103, United States of America","name":"","housenumber":967,"street":"Mission Street","postcode":94103,"district":"West SoMa","suburb":"South of Market","city":"San Francisco","county_code":"","county":"","state":"California","state_code":"CA","country":"United States","country_code":"us","confidence":1,"confidence_city_level":1,"confidence_street_level":1,"confidence_building_level":1,"attribution":"© OpenStreetMap contributors","attribution_license":"Open Database License","attribution_url":"https://www.openstreetmap.org/copyright"},"geometry":{"type":"Point","coordinates":[-122.4079613,37.7814453]}},{"type":"Feature","properties":{"original_COUNTY":"Alameda","original_YEAR":"2020.0","original_STREET_ADDRESS":"110 East 14th Street\n81 Durant Ave","original_PROJECT_NAME":"","original_HOUSING_UNITS":5,"original_STATE":"California","latitude":37.7357318,"longitude":-122.163668,"formatted":"110 East 14th Street, San Leandro, CA 94577, United States of America","name":"","housenumber":110,"street":"East 14th Street","postcode":94577,"district":"","suburb":"Durant Manor","city":"San Leandro","county_code":"AA","county":"Alameda County","state":"California","state_code":"CA","country":"United States","country_code":"us","confidence":0.5,"confidence_city_level":1,"confidence_street_level":0.5,"confidence_building_level":0.5,"attribution":"© OpenAddresses contributors","attribution_license":"BSD-3-Clause License","attribution_url":""},"geometry":{"type":"Point","coordinates":[-122.163668,37.7357318]}},{"type":"Feature","properties":{"original_COUNTY":"Alameda","original_YEAR":"2023.0","original_STREET_ADDRESS":"2115 Kittredge St","original_PROJECT_NAME":"","original_HOUSING_UNITS":5,"original_STATE":"California","latitude":37.8687321,"longitude":-122.2669185,"formatted":"Tasty Pot, 2115 Kittredge Street, Berkeley, CA 94704, United States of America","name":"Tasty Pot","housenumber":2115,"street":"Kittredge Street","postcode":94704,"district":"Downtown Berkeley","suburb":"","city":"Berkeley","county_code":"","county":"Alameda County","state":"California","state_code":"CA","country":"United States","country_code":"us","confidence":1,"confidence_city_level":1,"confidence_street_level":1,"confidence_building_level":1,"attribution":"© OpenStreetMap contributors","attribution_license":"Open Database License","attribution_url":"https://www.openstreetmap.org/copyright"},"geometry":{"type":"Point","coordinates":[-122.2669185,37.8687321]}},{"type":"Feature","properties":{"original_COUNTY":"Alameda","original_YEAR":"2023.0","original_STREET_ADDRESS":"2352 STANFORD ST","original_PROJECT_NAME":"","original_HOUSING_UNITS":5,"original_STATE":"California","latitude":37.7749211,"longitude":-122.2462314,"formatted":"2352 Stanford Street, Alameda, CA 94501, United States of America","name":"Stanford Street","housenumber":2352,"street":"Stanford Street","postcode":94501,"district":"","suburb":"","city":"Alameda","county_code":"","county":"Alameda County","state":"California","state_code":"CA","country":"United States","country_code":"us","confidence":1,"confidence_city_level":1,"confidence_street_level":1,"confidence_building_level":1,"attribution":"© OpenStreetMap contributors","attribution_license":"Open Database License","attribution_url":"https://www.openstreetmap.org/copyright"},"geometry":{"type":"Point","coordinates":[-122.2462314,37.7749211]}},{"type":"Feature","properties":{"original_COUNTY":"Alameda","original_YEAR":"2023.0","original_STREET_ADDRESS":"2250 STANFORD ST","original_PROJECT_NAME":"","original_HOUSING_UNITS":5,"original_STATE":"California","latitude":37.7746052,"longitude":-122.2465196,"formatted":"2250 Stanford Street, Alameda, CA 94501, United States of America","name":"Stanford Street","housenumber":2250,"street":"Stanford Street","postcode":94501,"district":"","suburb":"","city":"Alameda","county_code":"","county":"Alameda County","state":"California","state_code":"CA","country":"United States","country_code":"us","confidence":1,"confidence_city_level":1,"confidence_street_level":1,"confidence_building_level":1,"attribution":"© OpenStreetMap contributors","attribution_license":"Open Database License","attribution_url":"https://www.openstreetmap.org/copyright"},"geometry":{"type":"Point","coordinates":[-122.2465196,37.7746052]}},{"type":"Feature","properties":{"original_COUNTY":"Alameda","original_YEAR":"2023.0","original_STREET_ADDRESS":"401 MARTIN MARINER ST","original_PROJECT_NAME":"","original_HOUSING_UNITS":5,"original_STATE":"California","latitude":37.79141,"longitude":-122.282964,"formatted":"401 Martin Mariner Avenue, Alameda, CA 94607, United States of America","name":"Martin Mariner Avenue","housenumber":401,"street":"Martin Mariner Avenue","postcode":94607,"district":"","suburb":"","city":"Alameda","county_code":"","county":"Alameda County","state":"California","state_code":"CA","country":"United States","country_code":"us","confidence":1,"confidence_city_level":1,"confidence_street_level":1,"confidence_building_level":1,"attribution":"© OpenStreetMap contributors","attribution_license":"Open Database License","attribution_url":"https://www.openstreetmap.org/copyright"},"geometry":{"type":"Point","coordinates":[-122.282964,37.79141]}},{"type":"Feature","properties":{"original_COUNTY":"Alameda","original_YEAR":"2023.0","original_STREET_ADDRESS":"450 SENTINEL DR","original_PROJECT_NAME":"","original_HOUSING_UNITS":5,"original_STATE":"California","latitude":37.7915632,"longitude":-122.2825259,"formatted":"450 Sentinel Drive, Alameda, CA 94607, United States of America","name":"Sentinel Drive","housenumber":450,"street":"Sentinel Drive","postcode":94607,"district":"","suburb":"","city":"Alameda","county_code":"","county":"Alameda County","state":"California","state_code":"CA","country":"United States","country_code":"us","confidence":1,"confidence_city_level":1,"confidence_street_level":1,"confidence_building_level":1,"attribution":"© OpenStreetMap contributors","attribution_license":"Open Database License","attribution_url":"https://www.openstreetmap.org/copyright"},"geometry":{"type":"Point","coordinates":[-122.2825259,37.7915632]}},{"type":"Feature","properties":{"original_COUNTY":"Alameda","original_YEAR":"2023.0","original_STREET_ADDRESS":"2270 STANFORD ST","original_PROJECT_NAME":"","original_HOUSING_UNITS":5,"original_STATE":"California","latitude":37.7747711,"longitude":-122.246407,"formatted":"2270 Stanford Street, Alameda, CA 94501, United States of America","name":"Stanford Street","housenumber":2270,"street":"Stanford Street","postcode":94501,"district":"","suburb":"","city":"Alameda","county_code":"","county":"Alameda County","state":"California","state_code":"CA","country":"United States","country_code":"us","confidence":1,"confidence_city_level":1,"confidence_street_level":1,"confidence_building_level":1,"attribution":"© OpenStreetMap contributors","attribution_license":"Open Database License","attribution_url":"https://www.openstreetmap.org/copyright"},"geometry":{"type":"Point","coordinates":[-122.246407,37.7747711]}},{"type":"Feature","properties":{"original_COUNTY":"Alameda","original_YEAR":"2023.0","original_STREET_ADDRESS":"451 MARTIN MARINER ST","original_PROJECT_NAME":"","original_HOUSING_UNITS":5,"original_STATE":"California","latitude":37.7914174,"longitude":-122.2825217,"formatted":"451 Martin Mariner Avenue, Alameda, CA 94607, United States of America","name":"Martin Mariner Avenue","housenumber":451,"street":"Martin Mariner Avenue","postcode":94607,"district":"","suburb":"","city":"Alameda","county_code":"","county":"Alameda County","state":"California","state_code":"CA","country":"United States","country_code":"us","confidence":1,"confidence_city_level":1,"confidence_street_level":1,"confidence_building_level":1,"attribution":"© OpenStreetMap contributors","attribution_license":"Open Database License","attribution_url":"https://www.openstreetmap.org/copyright"},"geometry":{"type":"Point","coordinates":[-122.2825217,37.7914174]}},{"type":"Feature","properties":{"original_COUNTY":"Alameda","original_YEAR":"2023.0","original_STREET_ADDRESS":"2109 Milvia","original_PROJECT_NAME":"","original_HOUSING_UNITS":5,"original_STATE":"California","latitude":37.8705688,"longitude":-122.270362036437,"formatted":"Milvia Street Lot, 2109 Milvia Street, Berkeley, CA 94704, United States of America","name":"Milvia Street Lot","housenumber":2109,"street":"Milvia Street","postcode":94704,"district":"Downtown Berkeley","suburb":"","city":"Berkeley","county_code":"","county":"Alameda County","state":"California","state_code":"CA","country":"United States","country_code":"us","confidence":1,"confidence_city_level":1,"confidence_street_level":1,"confidence_building_level":1,"attribution":"© OpenStreetMap contributors","attribution_license":"Open Database License","attribution_url":"https://www.openstreetmap.org/copyright"},"geometry":{"type":"Point","coordinates":[-122.270362,37.8705688]}},{"type":"Feature","properties":{"original_COUNTY":"Alameda","original_YEAR":"2023.0","original_STREET_ADDRESS":"2015 Blake St","original_PROJECT_NAME":"","original_HOUSING_UNITS":5,"original_STATE":"California","latitude":37.8631508,"longitude":-122.269263818886,"formatted":"timberline geodesics, 2015 Blake Street, Berkeley, CA 94701, United States of America","name":"timberline geodesics","housenumber":2015,"street":"Blake Street","postcode":94701,"district":"LeConte","suburb":"","city":"Berkeley","county_code":"","county":"Alameda County","state":"California","state_code":"CA","country":"United States","country_code":"us","confidence":1,"confidence_city_level":1,"confidence_street_level":1,"confidence_building_level":1,"attribution":"© OpenStreetMap contributors","attribution_license":"Open Database License","attribution_url":"https://www.openstreetmap.org/copyright"},"geometry":{"type":"Point","coordinates":[-122.2692638,37.8631508]}},{"type":"Feature","properties":{"original_COUNTY":"Alameda","original_YEAR":"2022.0","original_STREET_ADDRESS":"8787 Enterprise Drive","original_PROJECT_NAME":"FMC Willow Parcel Mixed Use Project (For-Rent Affordable Residential Units)","original_HOUSING_UNITS":5,"original_STATE":"California","latitude":37.5214024100697,"longitude":-122.052439398987,"formatted":"8787 Enterprise Drive, Newark, CA 94560, United States of America","name":"","housenumber":8787,"street":"Enterprise Drive","postcode":94560,"district":"","suburb":"","city":"Newark","county_code":"","county":"Alameda County","state":"California","state_code":"CA","country":"United States","country_code":"us","confidence":1,"confidence_city_level":1,"confidence_street_level":1,"confidence_building_level":1,"attribution":"© OpenStreetMap contributors","attribution_license":"Open Database License","attribution_url":"https://www.openstreetmap.org/copyright"},"geometry":{"type":"Point","coordinates":[-122.0524394,37.5214024]}},{"type":"Feature","properties":{"original_COUNTY":"Alameda","original_YEAR":"2022.0","original_STREET_ADDRESS":"8787 Enterprise Drive","original_PROJECT_NAME":"FMC Willow Parcel Mixed Use Project (For-Sale Residential Units)","original_HOUSING_UNITS":5,"original_STATE":"California","latitude":37.5214024100697,"longitude":-122.052439398987,"formatted":"8787 Enterprise Drive, Newark, CA 94560, United States of America","name":"","housenumber":8787,"street":"Enterprise Drive","postcode":94560,"district":"","suburb":"","city":"Newark","county_code":"","county":"Alameda County","state":"California","state_code":"CA","country":"United States","country_code":"us","confidence":1,"confidence_city_level":1,"confidence_street_level":1,"confidence_building_level":1,"attribution":"© OpenStreetMap contributors","attribution_license":"Open Database License","attribution_url":"https://www.openstreetmap.org/copyright"},"geometry":{"type":"Point","coordinates":[-122.0524394,37.5214024]}},{"type":"Feature","properties":{"original_COUNTY":"Alameda","original_YEAR":"2023.0","original_STREET_ADDRESS":"2103 STANFORD ST","original_PROJECT_NAME":"","original_HOUSING_UNITS":5,"original_STATE":"California","latitude":37.7745422,"longitude":-122.2477118,"formatted":"2103 Stanford Street, Alameda, CA 94501, United States of America","name":"Stanford Street","housenumber":2103,"street":"Stanford Street","postcode":94501,"district":"","suburb":"","city":"Alameda","county_code":"","county":"Alameda County","state":"California","state_code":"CA","country":"United States","country_code":"us","confidence":1,"confidence_city_level":1,"confidence_street_level":1,"confidence_building_level":1,"attribution":"© OpenStreetMap contributors","attribution_license":"Open Database License","attribution_url":"https://www.openstreetmap.org/copyright"},"geometry":{"type":"Point","coordinates":[-122.2477118,37.7745422]}},{"type":"Feature","properties":{"original_COUNTY":"Alameda","original_YEAR":2022,"original_STREET_ADDRESS":"21502 Foothill Blvd; 1435 Grove Way","original_PROJECT_NAME":"RCD Development (PG8)","original_HOUSING_UNITS":5,"original_STATE":"California","latitude":37.683662,"longitude":-122.089647,"formatted":"21502 Foothill Boulevard, Hayward, CA 94541, United States of America","name":"","housenumber":21502,"street":"Foothill Boulevard","postcode":94541,"district":"","suburb":"","city":"Hayward","county_code":"AA","county":"Alameda County","state":"California","state_code":"CA","country":"United States","country_code":"us","confidence":0.5103,"confidence_city_level":1,"confidence_street_level":0.5103,"confidence_building_level":0.5103,"attribution":"© OpenAddresses contributors","attribution_license":"BSD-3-Clause License","attribution_url":""},"geometry":{"type":"Point","coordinates":[-122.089647,37.683662]}},{"type":"Feature","properties":{"original_COUNTY":"Alameda","original_YEAR":2022,"original_STREET_ADDRESS":"603 A Street","original_PROJECT_NAME":"Christian Church Homes","original_HOUSING_UNITS":5,"original_STATE":"California","latitude":37.6709450390767,"longitude":-122.089711220445,"formatted":"603 A Street, Hayward, CA 94541, United States of America","name":"","housenumber":603,"street":"A Street","postcode":94541,"district":"","suburb":"","city":"Hayward","county_code":"","county":"Alameda County","state":"California","state_code":"CA","country":"United States","country_code":"us","confidence":1,"confidence_city_level":1,"confidence_street_level":1,"confidence_building_level":1,"attribution":"© OpenStreetMap contributors","attribution_license":"Open Database License","attribution_url":"https://www.openstreetmap.org/copyright"},"geometry":{"type":"Point","coordinates":[-122.0897112,37.670945]}},{"type":"Feature","properties":{"original_COUNTY":"Alameda","original_YEAR":2021,"original_STREET_ADDRESS":"6541-6543 Regional Street","original_PROJECT_NAME":"Regional Street (Eden Housing)","original_HOUSING_UNITS":"MH","original_STATE":"California","latitude":37.7007916,"longitude":-121.9326162,"formatted":"6542 Regional Street, Dublin, CA 94588, United States of America","name":"Regional Street","housenumber":6542,"street":"Regional Street","postcode":94588,"district":"","suburb":"","city":"Dublin","county_code":"AA","county":"Alameda County","state":"California","state_code":"CA","country":"United States","country_code":"us","confidence":0.7,"confidence_city_level":1,"confidence_street_level":1,"confidence_building_level":0.7,"attribution":"","attribution_license":"","attribution_url":""},"geometry":{"type":"Point","coordinates":[-121.9326162,37.7007916]}},{"type":"Feature","properties":{"original_COUNTY":"Alameda","original_YEAR":2021,"original_STREET_ADDRESS":"6501 Golden Gate Drive","original_PROJECT_NAME":"Amador Station (Bridge Housing)","original_HOUSING_UNITS":"MH","original_STATE":"California","latitude":37.7010621,"longitude":-121.927087379482,"formatted":"6501 Golden Gate Drive, Dublin, CA 94588, United States of America","name":"","housenumber":6501,"street":"Golden Gate Drive","postcode":94588,"district":"","suburb":"","city":"Dublin","county_code":"","county":"Alameda County","state":"California","state_code":"CA","country":"United States","country_code":"us","confidence":1,"confidence_city_level":1,"confidence_street_level":1,"confidence_building_level":1,"attribution":"© OpenStreetMap contributors","attribution_license":"Open Database License","attribution_url":"https://www.openstreetmap.org/copyright"},"geometry":{"type":"Point","coordinates":[-121.9270874,37.7010621]}},{"type":"Feature","properties":{"original_COUNTY":"Alameda","original_YEAR":"2022.0","original_STREET_ADDRESS":"300 MOSLEY AVE","original_PROJECT_NAME":"ADMIRALS COVE","original_HOUSING_UNITS":5,"original_STATE":"California","latitude":37.7890058,"longitude":-122.285937,"formatted":"300 Mosley Avenue, Alameda, CA 94607, United States of America","name":"Mosley Avenue","housenumber":300,"street":"Mosley Avenue","postcode":94607,"district":"","suburb":"","city":"Alameda","county_code":"","county":"Alameda County","state":"California","state_code":"CA","country":"United States","country_code":"us","confidence":1,"confidence_city_level":1,"confidence_street_level":1,"confidence_building_level":1,"attribution":"© OpenStreetMap contributors","attribution_license":"Open Database License","attribution_url":"https://www.openstreetmap.org/copyright"},"geometry":{"type":"Point","coordinates":[-122.285937,37.7890058]}},{"type":"Feature","properties":{"original_COUNTY":"Alameda","original_YEAR":"2022.0","original_STREET_ADDRESS":"2015 GRAND ST","original_PROJECT_NAME":"","original_HOUSING_UNITS":5,"original_STATE":"California","latitude":37.7755823030303,"longitude":-122.253497212121,"formatted":"2015 Grand Street, Alameda, CA 94501, United States of America","name":"","housenumber":2015,"street":"Grand Street","postcode":94501,"district":"","suburb":"","city":"Alameda","county_code":"","county":"Alameda County","state":"California","state_code":"CA","country":"United States","country_code":"us","confidence":1,"confidence_city_level":1,"confidence_street_level":1,"confidence_building_level":1,"attribution":"© OpenStreetMap contributors","attribution_license":"Open Database License","attribution_url":"https://www.openstreetmap.org/copyright"},"geometry":{"type":"Point","coordinates":[-122.2534972,37.7755823]}},{"type":"Feature","properties":{"original_COUNTY":"Alameda","original_YEAR":"2021.0","original_STREET_ADDRESS":"2000 University","original_PROJECT_NAME":"","original_HOUSING_UNITS":5,"original_STATE":"California","latitude":37.871619,"longitude":-122.270503,"formatted":"2000 University Avenue, Berkeley, CA 94704, United States of America","name":"","housenumber":2000,"street":"University Avenue","postcode":94704,"district":"","suburb":"Downtown","city":"Berkeley","county_code":"AA","county":"Alameda County","state":"California","state_code":"CA","country":"United States","country_code":"us","confidence":1,"confidence_city_level":1,"confidence_street_level":1,"confidence_building_level":1,"attribution":"© OpenAddresses contributors","attribution_license":"BSD-3-Clause License","attribution_url":""},"geometry":{"type":"Point","coordinates":[-122.270503,37.871619]}},{"type":"Feature","properties":{"original_COUNTY":"Alameda","original_YEAR":"2021.0","original_STREET_ADDRESS":"3015 San Pablo","original_PROJECT_NAME":"","original_HOUSING_UNITS":5,"original_STATE":"California","latitude":37.852143,"longitude":-122.286115,"formatted":"3015 San Pablo Avenue, Berkeley, CA 94702, United States of America","name":"","housenumber":3015,"street":"San Pablo Avenue","postcode":94702,"district":"","suburb":"South","city":"Berkeley","county_code":"AA","county":"Alameda County","state":"California","state_code":"CA","country":"United States","country_code":"us","confidence":1,"confidence_city_level":1,"confidence_street_level":1,"confidence_building_level":1,"attribution":"© OpenAddresses contributors","attribution_license":"BSD-3-Clause License","attribution_url":""},"geometry":{"type":"Point","coordinates":[-122.286115,37.852143]}},{"type":"Feature","properties":{"original_COUNTY":"Alameda","original_YEAR":"2021.0","original_STREET_ADDRESS":"2012 & 2020 Dwight","original_PROJECT_NAME":"","original_HOUSING_UNITS":5,"original_STATE":"California","latitude":37.8634811,"longitude":-122.2691085,"formatted":"2012 Dwight Way, Berkeley, CA 94701, United States of America","name":"Dwight Way","housenumber":2012,"street":"Dwight Way","postcode":94701,"district":"LeConte","suburb":"","city":"Berkeley","county_code":"","county":"Alameda County","state":"California","state_code":"CA","country":"United States","country_code":"us","confidence":0.3969,"confidence_city_level":1,"confidence_street_level":0.3969,"confidence_building_level":0.3969,"attribution":"© OpenStreetMap contributors","attribution_license":"Open Database License","attribution_url":"https://www.openstreetmap.org/copyright"},"geometry":{"type":"Point","coordinates":[-122.2691085,37.8634811]}},{"type":"Feature","properties":{"original_COUNTY":"Alameda","original_YEAR":"2021.0","original_STREET_ADDRESS":"2015 BLAKE","original_PROJECT_NAME":"","original_HOUSING_UNITS":5,"original_STATE":"California","latitude":37.8631508,"longitude":-122.269263818886,"formatted":"timberline geodesics, 2015 Blake Street, Berkeley, CA 94701, United States of America","name":"timberline geodesics","housenumber":2015,"street":"Blake Street","postcode":94701,"district":"LeConte","suburb":"","city":"Berkeley","county_code":"","county":"Alameda County","state":"California","state_code":"CA","country":"United States","country_code":"us","confidence":1,"confidence_city_level":1,"confidence_street_level":1,"confidence_building_level":1,"attribution":"© OpenStreetMap contributors","attribution_license":"Open Database License","attribution_url":"https://www.openstreetmap.org/copyright"},"geometry":{"type":"Point","coordinates":[-122.2692638,37.8631508]}},{"type":"Feature","properties":{"original_COUNTY":"Alameda","original_YEAR":"2021.0","original_STREET_ADDRESS":"1207 Tenth Street","original_PROJECT_NAME":"","original_HOUSING_UNITS":5,"original_STATE":"California","latitude":37.8815698,"longitude":-122.297147068418,"formatted":"1207 Tenth Street, Berkeley, CA 94710, United States of America","name":"","housenumber":1207,"street":"Tenth Street","postcode":94710,"district":"Westbrae","suburb":"","city":"Berkeley","county_code":"","county":"Alameda County","state":"California","state_code":"CA","country":"United States","country_code":"us","confidence":1,"confidence_city_level":1,"confidence_street_level":1,"confidence_building_level":1,"attribution":"© OpenStreetMap contributors","attribution_license":"Open Database License","attribution_url":"https://www.openstreetmap.org/copyright"},"geometry":{"type":"Point","coordinates":[-122.2971471,37.8815698]}},{"type":"Feature","properties":{"original_COUNTY":"Alameda","original_YEAR":"2021.0","original_STREET_ADDRESS":"1900 Fourth","original_PROJECT_NAME":"","original_HOUSING_UNITS":5,"original_STATE":"California","latitude":37.86875,"longitude":-122.300391,"formatted":"1900 Fourth Street, Berkeley, CA 94710, United States of America","name":"","housenumber":1900,"street":"Fourth Street","postcode":94710,"district":"West Berkeley","suburb":"","city":"Berkeley","county_code":"","county":"Alameda County","state":"California","state_code":"CA","country":"United States","country_code":"us","confidence":1,"confidence_city_level":1,"confidence_street_level":1,"confidence_building_level":1,"attribution":"© OpenStreetMap contributors","attribution_license":"Open Database License","attribution_url":"https://www.openstreetmap.org/copyright"},"geometry":{"type":"Point","coordinates":[-122.300391,37.86875]}},{"type":"Feature","properties":{"original_COUNTY":"Alameda","original_YEAR":"2021.0","original_STREET_ADDRESS":"2317 Channing","original_PROJECT_NAME":"","original_HOUSING_UNITS":5,"original_STATE":"California","latitude":37.8664851900979,"longitude":-122.262750233272,"formatted":"2317 Channing Way, Berkeley, CA 94704, United States of America","name":"","housenumber":2317,"street":"Channing Way","postcode":94704,"district":"Southside","suburb":"","city":"Berkeley","county_code":"","county":"Alameda County","state":"California","state_code":"CA","country":"United States","country_code":"us","confidence":0.9,"confidence_city_level":1,"confidence_street_level":0.9,"confidence_building_level":0.9,"attribution":"© OpenStreetMap contributors","attribution_license":"Open Database License","attribution_url":"https://www.openstreetmap.org/copyright"},"geometry":{"type":"Point","coordinates":[-122.2627502,37.8664852]}},{"type":"Feature","properties":{"original_COUNTY":"Alameda","original_YEAR":"2022.0","original_STREET_ADDRESS":"1820 San Pablo","original_PROJECT_NAME":"","original_HOUSING_UNITS":5,"original_STATE":"California","latitude":37.870706,"longitude":-122.293066,"formatted":"1820 San Pablo Avenue, Berkeley, CA 94702, United States of America","name":"","housenumber":1820,"street":"San Pablo Avenue","postcode":94702,"district":"","suburb":"West Berkeley","city":"Berkeley","county_code":"AA","county":"Alameda County","state":"California","state_code":"CA","country":"United States","country_code":"us","confidence":1,"confidence_city_level":1,"confidence_street_level":1,"confidence_building_level":1,"attribution":"© OpenAddresses contributors","attribution_license":"BSD-3-Clause License","attribution_url":""},"geometry":{"type":"Point","coordinates":[-122.293066,37.870706]}},{"type":"Feature","properties":{"original_COUNTY":"Alameda","original_YEAR":"2022.0","original_STREET_ADDRESS":"2440 Shattuck","original_PROJECT_NAME":"","original_HOUSING_UNITS":5,"original_STATE":"California","latitude":37.8650285,"longitude":-122.267971223094,"formatted":"2440 Shattuck Avenue, Berkeley, CA 94701, United States of America","name":"","housenumber":2440,"street":"Shattuck Avenue","postcode":94701,"district":"Downtown Berkeley","suburb":"","city":"Berkeley","county_code":"","county":"Alameda County","state":"California","state_code":"CA","country":"United States","country_code":"us","confidence":1,"confidence_city_level":1,"confidence_street_level":1,"confidence_building_level":1,"attribution":"© OpenStreetMap contributors","attribution_license":"Open Database License","attribution_url":"https://www.openstreetmap.org/copyright"},"geometry":{"type":"Point","coordinates":[-122.2679712,37.8650285]}},{"type":"Feature","properties":{"original_COUNTY":"Alameda","original_YEAR":"2022.0","original_STREET_ADDRESS":"2018 Blake","original_PROJECT_NAME":"","original_HOUSING_UNITS":5,"original_STATE":"California","latitude":37.86265755,"longitude":-122.268863154632,"formatted":"2018 Blake Street, Berkeley, CA 94701, United States of America","name":"","housenumber":2018,"street":"Blake Street","postcode":94701,"district":"LeConte","suburb":"","city":"Berkeley","county_code":"","county":"Alameda County","state":"California","state_code":"CA","country":"United States","country_code":"us","confidence":1,"confidence_city_level":1,"confidence_street_level":1,"confidence_building_level":1,"attribution":"© OpenStreetMap contributors","attribution_license":"Open Database License","attribution_url":"https://www.openstreetmap.org/copyright"},"geometry":{"type":"Point","coordinates":[-122.2688632,37.8626576]}},{"type":"Feature","properties":{"original_COUNTY":"Alameda","original_YEAR":"2022.0","original_STREET_ADDRESS":"1752 Shattuck","original_PROJECT_NAME":"","original_HOUSING_UNITS":5,"original_STATE":"California","latitude":37.8753553,"longitude":-122.269182773678,"formatted":"1752 Shattuck Avenue, Berkeley, CA 94709, United States of America","name":"","housenumber":1752,"street":"Shattuck Avenue","postcode":94709,"district":"Gourmet Ghetto","suburb":"","city":"Berkeley","county_code":"","county":"Alameda County","state":"California","state_code":"CA","country":"United States","country_code":"us","confidence":1,"confidence_city_level":1,"confidence_street_level":1,"confidence_building_level":1,"attribution":"© OpenStreetMap contributors","attribution_license":"Open Database License","attribution_url":"https://www.openstreetmap.org/copyright"},"geometry":{"type":"Point","coordinates":[-122.2691828,37.8753553]}},{"type":"Feature","properties":{"original_COUNTY":"Alameda","original_YEAR":"2022.0","original_STREET_ADDRESS":"1773 Oxford","original_PROJECT_NAME":"","original_HOUSING_UNITS":5,"original_STATE":"California","latitude":37.875569,"longitude":-122.266217,"formatted":"1773 Oxford Street, Berkeley, CA 94709, United States of America","name":"","housenumber":1773,"street":"Oxford Street","postcode":94709,"district":"","suburb":"North","city":"Berkeley","county_code":"AA","county":"Alameda County","state":"California","state_code":"CA","country":"United States","country_code":"us","confidence":1,"confidence_city_level":1,"confidence_street_level":1,"confidence_building_level":1,"attribution":"© OpenAddresses contributors","attribution_license":"BSD-3-Clause License","attribution_url":""},"geometry":{"type":"Point","coordinates":[-122.266217,37.875569]}},{"type":"Feature","properties":{"original_COUNTY":"Alameda","original_YEAR":"2022.0","original_STREET_ADDRESS":"2435 Haste","original_PROJECT_NAME":"","original_HOUSING_UNITS":5,"original_STATE":"California","latitude":37.8661967,"longitude":-122.259375544532,"formatted":"2435 Haste Street, Berkeley, CA 94701, United States of America","name":"","housenumber":2435,"street":"Haste Street","postcode":94701,"district":"Southside","suburb":"","city":"Berkeley","county_code":"","county":"Alameda County","state":"California","state_code":"CA","country":"United States","country_code":"us","confidence":1,"confidence_city_level":1,"confidence_street_level":1,"confidence_building_level":1,"attribution":"© OpenStreetMap contributors","attribution_license":"Open Database License","attribution_url":"https://www.openstreetmap.org/copyright"},"geometry":{"type":"Point","coordinates":[-122.2593755,37.8661967]}},{"type":"Feature","properties":{"original_COUNTY":"Alameda","original_YEAR":"2022.0","original_STREET_ADDRESS":"2024 Ashby","original_PROJECT_NAME":"","original_HOUSING_UNITS":5,"original_STATE":"California","latitude":37.8550422395844,"longitude":-122.267837771705,"formatted":"2024 Ashby Avenue, Berkeley, CA 94703, United States of America","name":"","housenumber":2024,"street":"Ashby Avenue","postcode":94703,"district":"South Berkeley","suburb":"","city":"Berkeley","county_code":"","county":"Alameda County","state":"California","state_code":"CA","country":"United States","country_code":"us","confidence":1,"confidence_city_level":1,"confidence_street_level":1,"confidence_building_level":1,"attribution":"© OpenStreetMap contributors","attribution_license":"Open Database License","attribution_url":"https://www.openstreetmap.org/copyright"},"geometry":{"type":"Point","coordinates":[-122.2678378,37.8550422]}},{"type":"Feature","properties":{"original_COUNTY":"Alameda","original_YEAR":"2021.0","original_STREET_ADDRESS":"347 E 18TH ST","original_PROJECT_NAME":"","original_HOUSING_UNITS":5,"original_STATE":"California","latitude":37.7996183858369,"longitude":-122.251482925934,"formatted":"347 East 18th Street, Oakland, CA 94606, United States of America","name":"","housenumber":347,"street":"East 18th Street","postcode":94606,"district":"Eastlake","suburb":"","city":"Oakland","county_code":"","county":"Alameda County","state":"California","state_code":"CA","country":"United States","country_code":"us","confidence":1,"confidence_city_level":1,"confidence_street_level":1,"confidence_building_level":1,"attribution":"© OpenStreetMap contributors","attribution_license":"Open Database License","attribution_url":"https://www.openstreetmap.org/copyright"},"geometry":{"type":"Point","coordinates":[-122.2514829,37.7996184]}},{"type":"Feature","properties":{"original_COUNTY":"Alameda","original_YEAR":"2021.0","original_STREET_ADDRESS":"1440 23RD AVE","original_PROJECT_NAME":"","original_HOUSING_UNITS":5,"original_STATE":"California","latitude":37.7838463,"longitude":-122.235183896993,"formatted":"1440 23rd Avenue, Oakland, CA 94601, United States of America","name":"","housenumber":1440,"street":"23rd Avenue","postcode":94601,"district":"Jingletown","suburb":"","city":"Oakland","county_code":"","county":"Alameda County","state":"California","state_code":"CA","country":"United States","country_code":"us","confidence":1,"confidence_city_level":1,"confidence_street_level":1,"confidence_building_level":1,"attribution":"© OpenStreetMap contributors","attribution_license":"Open Database License","attribution_url":"https://www.openstreetmap.org/copyright"},"geometry":{"type":"Point","coordinates":[-122.2351839,37.7838463]}},{"type":"Feature","properties":{"original_COUNTY":"Alameda","original_YEAR":"2021.0","original_STREET_ADDRESS":"1510 WEBSTER ST","original_PROJECT_NAME":"","original_HOUSING_UNITS":5,"original_STATE":"California","latitude":37.8044664,"longitude":-122.267686884949,"formatted":"1510 Webster Street, Oakland, CA 94612, United States of America","name":"1510 Webster","housenumber":1510,"street":"Webster Street","postcode":94612,"district":"Downtown","suburb":"Downtown Oakland","city":"Oakland","county_code":"","county":"Alameda County","state":"California","state_code":"CA","country":"United States","country_code":"us","confidence":1,"confidence_city_level":1,"confidence_street_level":1,"confidence_building_level":1,"attribution":"© OpenStreetMap contributors","attribution_license":"Open Database License","attribution_url":"https://www.openstreetmap.org/copyright"},"geometry":{"type":"Point","coordinates":[-122.2676869,37.8044664]}},{"type":"Feature","properties":{"original_COUNTY":"Alameda","original_YEAR":"2021.0","original_STREET_ADDRESS":"578 7TH ST","original_PROJECT_NAME":"","original_HOUSING_UNITS":5,"original_STATE":"California","latitude":37.8009113,"longitude":-122.277211477918,"formatted":"578 7th Street, Oakland, CA 94607, United States of America","name":"","housenumber":578,"street":"7th Street","postcode":94607,"district":"Old Oakland Historic District","suburb":"Downtown Oakland","city":"Oakland","county_code":"","county":"Alameda County","state":"California","state_code":"CA","country":"United States","country_code":"us","confidence":1,"confidence_city_level":1,"confidence_street_level":1,"confidence_building_level":1,"attribution":"© OpenStreetMap contributors","attribution_license":"Open Database License","attribution_url":"https://www.openstreetmap.org/copyright"},"geometry":{"type":"Point","coordinates":[-122.2772115,37.8009113]}},{"type":"Feature","properties":{"original_COUNTY":"Alameda","original_YEAR":"2021.0","original_STREET_ADDRESS":"685 9TH ST","original_PROJECT_NAME":"","original_HOUSING_UNITS":5,"original_STATE":"California","latitude":37.8026221,"longitude":-122.279076578708,"formatted":"ArtHaus Ninth, 685 9th Street, Oakland, CA 94607, United States of America","name":"ArtHaus Ninth","housenumber":685,"street":"9th Street","postcode":94607,"district":"Old Oakland Historic District","suburb":"Downtown Oakland","city":"Oakland","county_code":"","county":"Alameda County","state":"California","state_code":"CA","country":"United States","country_code":"us","confidence":1,"confidence_city_level":1,"confidence_street_level":1,"confidence_building_level":1,"attribution":"© OpenStreetMap contributors","attribution_license":"Open Database License","attribution_url":"https://www.openstreetmap.org/copyright"},"geometry":{"type":"Point","coordinates":[-122.2790766,37.8026221]}},{"type":"Feature","properties":{"original_COUNTY":"Alameda","original_YEAR":"2021.0","original_STREET_ADDRESS":"8201 MACARTHUR BLVD","original_PROJECT_NAME":"","original_HOUSING_UNITS":5,"original_STATE":"California","latitude":37.762494,"longitude":-122.164895,"formatted":"8201 MacArthur Boulevard, Oakland, CA 94605, United States of America","name":"","housenumber":8201,"street":"MacArthur Boulevard","postcode":94605,"district":"","suburb":"","city":"Oakland","county_code":"","county":"Alameda County","state":"California","state_code":"CA","country":"United States","country_code":"us","confidence":1,"confidence_city_level":1,"confidence_street_level":1,"confidence_building_level":1,"attribution":"© OpenStreetMap contributors","attribution_license":"Open Database License","attribution_url":"https://www.openstreetmap.org/copyright"},"geometry":{"type":"Point","coordinates":[-122.164895,37.762494]}},{"type":"Feature","properties":{"original_COUNTY":"Alameda","original_YEAR":"2021.0","original_STREET_ADDRESS":"2116 BRUSH ST","original_PROJECT_NAME":"Villa Oakland","original_HOUSING_UNITS":5,"original_STATE":"California","latitude":37.8118824081633,"longitude":-122.275289163265,"formatted":"2116 Brush Street, Oakland, CA 94612, United States of America","name":"","housenumber":2116,"street":"Brush Street","postcode":94612,"district":"San Pablo Gateway","suburb":"Downtown Oakland","city":"Oakland","county_code":"","county":"Alameda County","state":"California","state_code":"CA","country":"United States","country_code":"us","confidence":1,"confidence_city_level":1,"confidence_street_level":1,"confidence_building_level":1,"attribution":"© OpenStreetMap contributors","attribution_license":"Open Database License","attribution_url":"https://www.openstreetmap.org/copyright"},"geometry":{"type":"Point","coordinates":[-122.2752892,37.8118824]}},{"type":"Feature","properties":{"original_COUNTY":"Alameda","original_YEAR":"2021.0","original_STREET_ADDRESS":"540 San Pablo","original_PROJECT_NAME":"","original_HOUSING_UNITS":5,"original_STATE":"California","latitude":37.861768,"longitude":-122.289854,"formatted":"540 San Pablo Ave, Albany, CA 94706, United States of America","name":"","housenumber":"","street":"","postcode":"","district":"","suburb":"","city":"Albany","county_code":"","county":"Albany County","state":"New York","state_code":"NY","country":"United States","country_code":"us","confidence":0.075,"confidence_city_level":0.3,"confidence_street_level":"","confidence_building_level":"","attribution":"© OpenStreetMap contributors","attribution_license":"Open Database License","attribution_url":"https://www.openstreetmap.org/copyright"},"geometry":{"type":"Point","coordinates":[-122.289854,37.861768]}},{"type":"Feature","properties":{"original_COUNTY":"Alameda","original_YEAR":"2022.0","original_STREET_ADDRESS":"4300 San Pablo Avenue","original_PROJECT_NAME":"4300 San Pablo Affordable Housing","original_HOUSING_UNITS":5,"original_STATE":"California","latitude":37.83339495,"longitude":-122.280308757335,"formatted":"Emeryville Recreation Department, 4300 San Pablo Avenue, Emeryville, CA 94608, United States of America","name":"Emeryville Recreation Department","housenumber":4300,"street":"San Pablo Avenue","postcode":94608,"district":"","suburb":"","city":"Emeryville","county_code":"","county":"Alameda County","state":"California","state_code":"CA","country":"United States","country_code":"us","confidence":1,"confidence_city_level":1,"confidence_street_level":1,"confidence_building_level":1,"attribution":"© OpenStreetMap contributors","attribution_license":"Open Database License","attribution_url":"https://www.openstreetmap.org/copyright"},"geometry":{"type":"Point","coordinates":[-122.2803088,37.8333949]}},{"type":"Feature","properties":{"original_COUNTY":"Alameda","original_YEAR":"2021.0","original_STREET_ADDRESS":"41829 Osgood Rd, Fremont, CA 94539","original_PROJECT_NAME":"Osgood Apartments","original_HOUSING_UNITS":5,"original_STATE":"California","latitude":37.5482697,"longitude":-121.988571,"formatted":"Fremont, CA, United States of America","name":"","housenumber":"","street":"","postcode":"","district":"","suburb":"","city":"Fremont","county_code":"","county":"Alameda County","state":"California","state_code":"CA","country":"United States","country_code":"us","confidence":0.5,"confidence_city_level":1,"confidence_street_level":"","confidence_building_level":"","attribution":"© OpenStreetMap contributors","attribution_license":"Open Database License","attribution_url":"https://www.openstreetmap.org/copyright"},"geometry":{"type":"Point","coordinates":[-121.988571,37.5482697]}},{"type":"Feature","properties":{"original_COUNTY":"Alameda","original_YEAR":2022,"original_STREET_ADDRESS":"4884 Harrison Street","original_PROJECT_NAME":"P22-0728","original_HOUSING_UNITS":5,"original_STATE":"California","latitude":37.6586767676662,"longitude":-121.880901332704,"formatted":"4884 Harrison Street, Pleasanton, CA 94566, United States of America","name":"","housenumber":4884,"street":"Harrison Street","postcode":94566,"district":"","suburb":"","city":"Pleasanton","county_code":"","county":"Alameda County","state":"California","state_code":"CA","country":"United States","country_code":"us","confidence":1,"confidence_city_level":1,"confidence_street_level":1,"confidence_building_level":1,"attribution":"© OpenStreetMap contributors","attribution_license":"Open Database License","attribution_url":"https://www.openstreetmap.org/copyright"},"geometry":{"type":"Point","coordinates":[-121.8809013,37.6586768]}},{"type":"Feature","properties":{"original_COUNTY":"Alameda","original_YEAR":2021,"original_STREET_ADDRESS":"27177-27283 Mission","original_PROJECT_NAME":"True Life (Tract 8556)","original_HOUSING_UNITS":"SFA","original_STATE":"California","latitude":37.618862,"longitude":-122.034617,"formatted":"Mission Boulevard, Hayward, CA 94544, United States of America","name":"","housenumber":"","street":"Mission Boulevard","postcode":94544,"district":"","suburb":"","city":"Hayward","county_code":"AA","county":"Alameda County","state":"California","state_code":"CA","country":"United States","country_code":"us","confidence":0.5,"confidence_city_level":1,"confidence_street_level":1,"confidence_building_level":"","attribution":"© OpenStreetMap contributors","attribution_license":"Open Database License","attribution_url":"https://www.openstreetmap.org/copyright"},"geometry":{"type":"Point","coordinates":[-122.034617,37.618862]}},{"type":"Feature","properties":{"original_COUNTY":"Alameda","original_YEAR":2021,"original_STREET_ADDRESS":"2595 Depot Rd","original_PROJECT_NAME":"New 125 unit  4 story, 67,475 sq ft ,-Res. Support Housing","original_HOUSING_UNITS":5,"original_STATE":"California","latitude":37.6392074,"longitude":-122.114404524169,"formatted":"2595 Depot Road, Hayward, CA 94545, United States of America","name":"","housenumber":2595,"street":"Depot Road","postcode":94545,"district":"","suburb":"","city":"Hayward","county_code":"","county":"Alameda County","state":"California","state_code":"CA","country":"United States","country_code":"us","confidence":1,"confidence_city_level":1,"confidence_street_level":1,"confidence_building_level":1,"attribution":"© OpenStreetMap contributors","attribution_license":"Open Database License","attribution_url":"https://www.openstreetmap.org/copyright"},"geometry":{"type":"Point","coordinates":[-122.1144045,37.6392074]}},{"type":"Feature","properties":{"original_COUNTY":"Alameda","original_YEAR":2022,"original_STREET_ADDRESS":"3135 SAN PABLO AVE, Oakland, CA 94608","original_PROJECT_NAME":"To demolish or relocate the existing one-story commercial structure and construct a six-story, 73-unit, 100% affordable, senior housing project and merge seven lots into one.","original_HOUSING_UNITS":5,"original_STATE":"California","latitude":37.822386944607,"longitude":-122.277301050282,"formatted":"3135 San Pablo Avenue, Oakland, CA 94608, United States of America","name":"","housenumber":3135,"street":"San Pablo Avenue","postcode":94608,"district":"Hoover-Foster","suburb":"West Oakland","city":"Oakland","county_code":"","county":"Alameda County","state":"California","state_code":"CA","country":"United States","country_code":"us","confidence":0.333333333333333,"confidence_city_level":1,"confidence_street_level":0.333333333333333,"confidence_building_level":"","attribution":"© OpenStreetMap contributors","attribution_license":"Open Database License","attribution_url":"https://www.openstreetmap.org/copyright"},"geometry":{"type":"Point","coordinates":[-122.2773011,37.8223869]}},{"type":"Feature","properties":{"original_COUNTY":"Alameda","original_YEAR":2022,"original_STREET_ADDRESS":"1003 E 15TH ST, OAKLAND, CA 94606","original_PROJECT_NAME":"Dr. Kenneth Anderson Senior Living: New construction of a 5-story residential building with 68 low income affordable units (with the exception of the manager's unit) under SB35, SB-330, and AB-1763; and TPM for a two-lot subdivision.","original_HOUSING_UNITS":5,"original_STATE":"California","latitude":37.8044557,"longitude":-122.271356,"formatted":"Oakland, CA, United States of America","name":"","housenumber":"","street":"","postcode":"","district":"","suburb":"","city":"Oakland","county_code":"","county":"Alameda County","state":"California","state_code":"CA","country":"United States","country_code":"us","confidence":0.5,"confidence_city_level":1,"confidence_street_level":"","confidence_building_level":"","attribution":"© OpenStreetMap contributors","attribution_license":"Open Database License","attribution_url":"https://www.openstreetmap.org/copyright"},"geometry":{"type":"Point","coordinates":[-122.271356,37.8044557]}},{"type":"Feature","properties":{"original_COUNTY":"Alameda","original_YEAR":2022,"original_STREET_ADDRESS":"3751 INTERNATIONAL BLVD, Oakland, CA 94601","original_PROJECT_NAME":"Mixed Use 6-story Development","original_HOUSING_UNITS":5,"original_STATE":"California","latitude":37.8044557,"longitude":-122.271356,"formatted":"Oakland, CA, United States of America","name":"","housenumber":"","street":"","postcode":"","district":"","suburb":"","city":"Oakland","county_code":"","county":"Alameda County","state":"California","state_code":"CA","country":"United States","country_code":"us","confidence":0.5,"confidence_city_level":1,"confidence_street_level":"","confidence_building_level":"","attribution":"© OpenStreetMap contributors","attribution_license":"Open Database License","attribution_url":"https://www.openstreetmap.org/copyright"},"geometry":{"type":"Point","coordinates":[-122.271356,37.8044557]}},{"type":"Feature","properties":{"original_COUNTY":"Alameda","original_YEAR":2022,"original_STREET_ADDRESS":"2301 TELEGRAPH AVE, Oakland, CA 94612","original_PROJECT_NAME":"SB35 Streamline Review & AB1763 for new affordable mixed-use housing development. Related to ZP220048 & ZW2201619 & T2200092.","original_HOUSING_UNITS":5,"original_STATE":"California","latitude":37.8044557,"longitude":-122.271356,"formatted":"Oakland, CA, United States of America","name":"","housenumber":"","street":"","postcode":"","district":"","suburb":"","city":"Oakland","county_code":"","county":"Alameda County","state":"California","state_code":"CA","country":"United States","country_code":"us","confidence":0.5,"confidence_city_level":1,"confidence_street_level":"","confidence_building_level":"","attribution":"© OpenStreetMap contributors","attribution_license":"Open Database License","attribution_url":"https://www.openstreetmap.org/copyright"},"geometry":{"type":"Point","coordinates":[-122.271356,37.8044557]}},{"type":"Feature","properties":{"original_COUNTY":"Alameda","original_YEAR":2022,"original_STREET_ADDRESS":"2956 INTERNATIONAL BLVD, Oakland, CA 94601","original_PROJECT_NAME":"SB-35 - New affordable residential development. Density Bonus. Related to ZW2201353 & ZP200130. Tree Permit: T2200068.","original_HOUSING_UNITS":5,"original_STATE":"California","latitude":37.8044557,"longitude":-122.271356,"formatted":"Oakland, CA, United States of America","name":"","housenumber":"","street":"","postcode":"","district":"","suburb":"","city":"Oakland","county_code":"","county":"Alameda County","state":"California","state_code":"CA","country":"United States","country_code":"us","confidence":0.5,"confidence_city_level":1,"confidence_street_level":"","confidence_building_level":"","attribution":"© OpenStreetMap contributors","attribution_license":"Open Database License","attribution_url":"https://www.openstreetmap.org/copyright"},"geometry":{"type":"Point","coordinates":[-122.271356,37.8044557]}},{"type":"Feature","properties":{"original_COUNTY":"Alameda","original_YEAR":2022,"original_STREET_ADDRESS":"7994 MACARTHUR BLVD, Oakland, CA 94605","original_PROJECT_NAME":"AB 2162 process for a new 40-unit residential supporting-affordable housing development. Related to ZP220051 & T2200118","original_HOUSING_UNITS":5,"original_STATE":"California","latitude":37.8044557,"longitude":-122.271356,"formatted":"Oakland, CA, United States of America","name":"","housenumber":"","street":"","postcode":"","district":"","suburb":"","city":"Oakland","county_code":"","county":"Alameda County","state":"California","state_code":"CA","country":"United States","country_code":"us","confidence":0.5,"confidence_city_level":1,"confidence_street_level":"","confidence_building_level":"","attribution":"© OpenStreetMap contributors","attribution_license":"Open Database License","attribution_url":"https://www.openstreetmap.org/copyright"},"geometry":{"type":"Point","coordinates":[-122.271356,37.8044557]}},{"type":"Feature","properties":{"original_COUNTY":"Alameda","original_YEAR":2022,"original_STREET_ADDRESS":"3419 SAN PABLO AVE, Oakland, CA 94608","original_PROJECT_NAME":"34th & San Pablo: SB330 Vesting & Streamlined Review for mixed-use proposal. Related to T2200112 & ZW2202024. Note: SB35 Review completed under ZP210075. Site has four existing lots.","original_HOUSING_UNITS":5,"original_STATE":"California","latitude":37.8256570499623,"longitude":-122.27834021631,"formatted":"3419 San Pablo Avenue, Oakland, CA 94608, United States of America","name":"","housenumber":3419,"street":"San Pablo Avenue","postcode":94608,"district":"Hoover-Foster","suburb":"","city":"Oakland","county_code":"","county":"Alameda County","state":"California","state_code":"CA","country":"United States","country_code":"us","confidence":0.333333333333333,"confidence_city_level":1,"confidence_street_level":0.333333333333333,"confidence_building_level":"","attribution":"© OpenStreetMap contributors","attribution_license":"Open Database License","attribution_url":"https://www.openstreetmap.org/copyright"},"geometry":{"type":"Point","coordinates":[-122.2783402,37.825657]}},{"type":"Feature","properties":{"original_COUNTY":"Alameda","original_YEAR":2022,"original_STREET_ADDRESS":"121 East 12th ST, Oakland , CA 94606","original_PROJECT_NAME":"E. 12th Street Project 1: AB-2162 91-units Affordable Housing project","original_HOUSING_UNITS":5,"original_STATE":"California","latitude":37.79733805,"longitude":-122.257937795162,"formatted":"121 East 12th Street, Oakland, CA 94606, United States of America","name":"","housenumber":121,"street":"East 12th Street","postcode":94606,"district":"Civic Center","suburb":"Downtown Oakland","city":"Oakland","county_code":"","county":"Alameda County","state":"California","state_code":"CA","country":"United States","country_code":"us","confidence":0.333333333333333,"confidence_city_level":1,"confidence_street_level":0.333333333333333,"confidence_building_level":"","attribution":"© OpenStreetMap contributors","attribution_license":"Open Database License","attribution_url":"https://www.openstreetmap.org/copyright"},"geometry":{"type":"Point","coordinates":[-122.2579378,37.7973381]}},{"type":"Feature","properties":{"original_COUNTY":"Alameda","original_YEAR":2021,"original_STREET_ADDRESS":"No address","original_PROJECT_NAME":"La Vista Residential (PG 3)","original_HOUSING_UNITS":5,"original_STATE":"California","latitude":37.677764,"longitude":-122.087016,"formatted":"North Hayward, Hayward, CA, United States of America","name":"North Hayward","housenumber":"","street":"","postcode":"","district":"","suburb":"North Hayward","city":"Hayward","county_code":"","county":"Alameda County","state":"California","state_code":"CA","country":"United States","country_code":"us","confidence":0.5,"confidence_city_level":1,"confidence_street_level":"","confidence_building_level":"","attribution":"Who's On First","attribution_license":"CC0","attribution_url":"https://www.whosonfirst.org/docs/licenses/"},"geometry":{"type":"Point","coordinates":[-122.087016,37.677764]}},{"type":"Feature","properties":{"original_COUNTY":"Alameda","original_YEAR":2022,"original_STREET_ADDRESS":"16060 E 14Th St, SAN LEANDRO, CA 94578","original_PROJECT_NAME":"Madrone Terrace","original_HOUSING_UNITS":5,"original_STATE":"California","latitude":37.7074688833871,"longitude":-122.13174249616,"formatted":"East 14th Street, San Leandro, CA 94578, United States of America","name":"East 14th Street","housenumber":"","street":"East 14th Street","postcode":94578,"district":"","suburb":"","city":"San Leandro","county_code":"","county":"Alameda County","state":"California","state_code":"CA","country":"United States","country_code":"us","confidence":0.141776649,"confidence_city_level":1,"confidence_street_level":0.141776649,"confidence_building_level":"","attribution":"© OpenStreetMap contributors","attribution_license":"Open Database License","attribution_url":"https://www.openstreetmap.org/copyright"},"geometry":{"type":"Point","coordinates":[-122.1317425,37.7074689]}},{"type":"Feature","properties":{"original_COUNTY":"Alameda","original_YEAR":2022,"original_STREET_ADDRESS":"3900 Thornton Ave","original_PROJECT_NAME":"3900 Thornton Affordable Housing Project","original_HOUSING_UNITS":5,"original_STATE":"California","latitude":37.561699,"longitude":-122.010689,"formatted":"3900 Thornton Avenue, Fremont, CA 94536, United States of America","name":"","housenumber":3900,"street":"Thornton Avenue","postcode":94536,"district":"","suburb":"Centerville District","city":"Fremont","county_code":"","county":"Alameda County","state":"California","state_code":"CA","country":"United States","country_code":"us","confidence":1,"confidence_city_level":1,"confidence_street_level":1,"confidence_building_level":1,"attribution":"© OpenStreetMap contributors","attribution_license":"Open Database License","attribution_url":"https://www.openstreetmap.org/copyright"},"geometry":{"type":"Point","coordinates":[-122.010689,37.561699]}},{"type":"Feature","properties":{"original_COUNTY":"Alameda","original_YEAR":2022,"original_STREET_ADDRESS":"41868 Osgood Rd","original_PROJECT_NAME":"Arbor View Affordable Housing","original_HOUSING_UNITS":5,"original_STATE":"California","latitude":37.5295769,"longitude":-121.951536042195,"formatted":"41868 Osgood Road, Fremont, CA 94538, United States of America","name":"","housenumber":41868,"street":"Osgood Road","postcode":94538,"district":"","suburb":"","city":"Fremont","county_code":"","county":"Alameda County","state":"California","state_code":"CA","country":"United States","country_code":"us","confidence":1,"confidence_city_level":1,"confidence_street_level":1,"confidence_building_level":1,"attribution":"© OpenStreetMap contributors","attribution_license":"Open Database License","attribution_url":"https://www.openstreetmap.org/copyright"},"geometry":{"type":"Point","coordinates":[-121.951536,37.5295769]}},{"type":"Feature","properties":{"original_COUNTY":"Alameda","original_YEAR":2022,"original_STREET_ADDRESS":"41911 Osgood Rd","original_PROJECT_NAME":"Osgood Apartments South","original_HOUSING_UNITS":5,"original_STATE":"California","latitude":37.528806,"longitude":-121.952691,"formatted":"41911 Osgood Road, Fremont, CA 94539, United States of America","name":"","housenumber":41911,"street":"Osgood Road","postcode":94539,"district":"","suburb":"","city":"Fremont","county_code":"AA","county":"Alameda County","state":"California","state_code":"CA","country":"United States","country_code":"us","confidence":1,"confidence_city_level":1,"confidence_street_level":1,"confidence_building_level":1,"attribution":"© OpenAddresses contributors","attribution_license":"BSD-3-Clause License","attribution_url":""},"geometry":{"type":"Point","coordinates":[-121.952691,37.528806]}},{"type":"Feature","properties":{"original_COUNTY":"Alameda","original_YEAR":2024,"original_STREET_ADDRESS":"Portola Ave","original_PROJECT_NAME":"Parkview","original_HOUSING_UNITS":5,"original_STATE":"California","latitude":37.6929151938006,"longitude":-121.779332069731,"formatted":"Portola Avenue, Livermore, CA 94551, United States of America","name":"Portola Avenue","housenumber":"","street":"Portola Avenue","postcode":94551,"district":"Portola Meadows","suburb":"","city":"Livermore","county_code":"","county":"Alameda County","state":"California","state_code":"CA","country":"United States","country_code":"us","confidence":1,"confidence_city_level":1,"confidence_street_level":1,"confidence_building_level":"","attribution":"© OpenStreetMap contributors","attribution_license":"Open Database License","attribution_url":"https://www.openstreetmap.org/copyright"},"geometry":{"type":"Point","coordinates":[-121.7793321,37.6929152]}},{"type":"Feature","properties":{"original_COUNTY":"Alameda","original_YEAR":2024,"original_STREET_ADDRESS":"2462 BANCROFT Way, BERKELEY, CA 94704","original_PROJECT_NAME":"","original_HOUSING_UNITS":5,"original_STATE":"California","latitude":37.8683393,"longitude":-122.260028324423,"formatted":"2460;2462;2466 Bancroft Way, Berkeley, CA 94720, United States of America","name":"","housenumber":"2460;2462;2466","street":"Bancroft Way","postcode":94720,"district":"Southside","suburb":"","city":"Berkeley","county_code":"","county":"Alameda County","state":"California","state_code":"CA","country":"United States","country_code":"us","confidence":0.333333333333333,"confidence_city_level":1,"confidence_street_level":0.333333333333333,"confidence_building_level":"","attribution":"© OpenStreetMap contributors","attribution_license":"Open Database License","attribution_url":"https://www.openstreetmap.org/copyright"},"geometry":{"type":"Point","coordinates":[-122.2600283,37.8683393]}},{"type":"Feature","properties":{"original_COUNTY":"Alameda","original_YEAR":2024,"original_STREET_ADDRESS":"2037 DURANT Ave, BERKELEY, CA 94704","original_PROJECT_NAME":"","original_HOUSING_UNITS":5,"original_STATE":"California","latitude":37.8708393,"longitude":-122.272863,"formatted":"Berkeley, CA, United States of America","name":"","housenumber":"","street":"","postcode":"","district":"","suburb":"","city":"Berkeley","county_code":"","county":"Alameda County","state":"California","state_code":"CA","country":"United States","country_code":"us","confidence":0.5,"confidence_city_level":1,"confidence_street_level":"","confidence_building_level":"","attribution":"© OpenStreetMap contributors","attribution_license":"Open Database License","attribution_url":"https://www.openstreetmap.org/copyright"},"geometry":{"type":"Point","coordinates":[-122.272863,37.8708393]}},{"type":"Feature","properties":{"original_COUNTY":"Alameda","original_YEAR":2024,"original_STREET_ADDRESS":"1750 SACRAMENTO St, BERKELEY, CA 94702","original_PROJECT_NAME":"North Berkeley BART","original_HOUSING_UNITS":5,"original_STATE":"California","latitude":37.8708393,"longitude":-122.272863,"formatted":"Berkeley, CA, United States of America","name":"","housenumber":"","street":"","postcode":"","district":"","suburb":"","city":"Berkeley","county_code":"","county":"Alameda County","state":"California","state_code":"CA","country":"United States","country_code":"us","confidence":0.5,"confidence_city_level":1,"confidence_street_level":"","confidence_building_level":"","attribution":"© OpenStreetMap contributors","attribution_license":"Open Database License","attribution_url":"https://www.openstreetmap.org/copyright"},"geometry":{"type":"Point","coordinates":[-122.272863,37.8708393]}},{"type":"Feature","properties":{"original_COUNTY":"Alameda","original_YEAR":2024,"original_STREET_ADDRESS":"2530 BANCROFT Way, BERKELEY, CA 94704","original_PROJECT_NAME":"","original_HOUSING_UNITS":5,"original_STATE":"California","latitude":37.868771,"longitude":-122.258221,"formatted":"2530 Bancroft Way, Berkeley, CA 94704, United States of America","name":"","housenumber":2530,"street":"Bancroft Way","postcode":94704,"district":"Southside","suburb":"","city":"Berkeley","county_code":"","county":"Alameda County","state":"California","state_code":"CA","country":"United States","country_code":"us","confidence":0.333333333333333,"confidence_city_level":1,"confidence_street_level":0.333333333333333,"confidence_building_level":"","attribution":"© OpenStreetMap contributors","attribution_license":"Open Database License","attribution_url":"https://www.openstreetmap.org/copyright"},"geometry":{"type":"Point","coordinates":[-122.258221,37.868771]}},{"type":"Feature","properties":{"original_COUNTY":"Alameda","original_YEAR":2024,"original_STREET_ADDRESS":"2274 SHATTUCK Ave, BERKELEY, CA 94704","original_PROJECT_NAME":"","original_HOUSING_UNITS":5,"original_STATE":"California","latitude":37.8708393,"longitude":-122.272863,"formatted":"Berkeley, CA, United States of America","name":"","housenumber":"","street":"","postcode":"","district":"","suburb":"","city":"Berkeley","county_code":"","county":"Alameda County","state":"California","state_code":"CA","country":"United States","country_code":"us","confidence":0.5,"confidence_city_level":1,"confidence_street_level":"","confidence_building_level":"","attribution":"© OpenStreetMap contributors","attribution_license":"Open Database License","attribution_url":"https://www.openstreetmap.org/copyright"},"geometry":{"type":"Point","coordinates":[-122.272863,37.8708393]}},{"type":"Feature","properties":{"original_COUNTY":"Alameda","original_YEAR":2024,"original_STREET_ADDRESS":"8471 ENTERPRISE WY, Oakland, CA 94621","original_PROJECT_NAME":"AB 2162 Supporting Housing Application","original_HOUSING_UNITS":5,"original_STATE":"California","latitude":37.8044557,"longitude":-122.271356,"formatted":"Oakland, CA, United States of America","name":"","housenumber":"","street":"","postcode":"","district":"","suburb":"","city":"Oakland","county_code":"","county":"Alameda County","state":"California","state_code":"CA","country":"United States","country_code":"us","confidence":0.5,"confidence_city_level":1,"confidence_street_level":"","confidence_building_level":"","attribution":"© OpenStreetMap contributors","attribution_license":"Open Database License","attribution_url":"https://www.openstreetmap.org/copyright"},"geometry":{"type":"Point","coordinates":[-122.271356,37.8044557]}},{"type":"Feature","properties":{"original_COUNTY":"Alameda","original_YEAR":2024,"original_STREET_ADDRESS":"550 27TH ST, Oakland, CA 94612","original_PROJECT_NAME":"100% affordable: 3rd Revision: Residential Care Rooming units - 86 affordable units","original_HOUSING_UNITS":5,"original_STATE":"California","latitude":37.8044557,"longitude":-122.271356,"formatted":"Oakland, CA, United States of America","name":"","housenumber":"","street":"","postcode":"","district":"","suburb":"","city":"Oakland","county_code":"","county":"Alameda County","state":"California","state_code":"CA","country":"United States","country_code":"us","confidence":0.5,"confidence_city_level":1,"confidence_street_level":"","confidence_building_level":"","attribution":"© OpenStreetMap contributors","attribution_license":"Open Database License","attribution_url":"https://www.openstreetmap.org/copyright"},"geometry":{"type":"Point","coordinates":[-122.271356,37.8044557]}},{"type":"Feature","properties":{"original_COUNTY":"Alameda","original_YEAR":2024,"original_STREET_ADDRESS":"1004 91ST AVE, Oakland, CA 94603","original_PROJECT_NAME":"SB330 Application for market rate and affordable units at the parking lot of an existing church, seeking concessions for height, rear setback, and parking as well as waiver for lot coverage.  See ZP230050 processed under Planner Gregory Qwan","original_HOUSING_UNITS":5,"original_STATE":"California","latitude":37.8044557,"longitude":-122.271356,"formatted":"Oakland, CA, United States of America","name":"","housenumber":"","street":"","postcode":"","district":"","suburb":"","city":"Oakland","county_code":"","county":"Alameda County","state":"California","state_code":"CA","country":"United States","country_code":"us","confidence":0.5,"confidence_city_level":1,"confidence_street_level":"","confidence_building_level":"","attribution":"© OpenStreetMap contributors","attribution_license":"Open Database License","attribution_url":"https://www.openstreetmap.org/copyright"},"geometry":{"type":"Point","coordinates":[-122.271356,37.8044557]}},{"type":"Feature","properties":{"original_COUNTY":"Alameda","original_YEAR":2024,"original_STREET_ADDRESS":"1715 FOOTHILL BLVD, Oakland, CA 94606","original_PROJECT_NAME":"BY RIGHT RESIDENTIAL APPROVAL per S-13 and Density Bonus. Per ZW2400973","original_HOUSING_UNITS":5,"original_STATE":"California","latitude":37.8044557,"longitude":-122.271356,"formatted":"Oakland, CA, United States of America","name":"","housenumber":"","street":"","postcode":"","district":"","suburb":"","city":"Oakland","county_code":"","county":"Alameda County","state":"California","state_code":"CA","country":"United States","country_code":"us","confidence":0.5,"confidence_city_level":1,"confidence_street_level":"","confidence_building_level":"","attribution":"© OpenStreetMap contributors","attribution_license":"Open Database License","attribution_url":"https://www.openstreetmap.org/copyright"},"geometry":{"type":"Point","coordinates":[-122.271356,37.8044557]}},{"type":"Feature","properties":{"original_COUNTY":"Alameda","original_YEAR":2024,"original_STREET_ADDRESS":"3403 PIEDMONT AVE, Oakland, CA 94611","original_PROJECT_NAME":"Sawmill Residences Oakland California (Revision #2)","original_HOUSING_UNITS":5,"original_STATE":"California","latitude":37.8044557,"longitude":-122.271356,"formatted":"Oakland, CA, United States of America","name":"","housenumber":"","street":"","postcode":"","district":"","suburb":"","city":"Oakland","county_code":"","county":"Alameda County","state":"California","state_code":"CA","country":"United States","country_code":"us","confidence":0.5,"confidence_city_level":1,"confidence_street_level":"","confidence_building_level":"","attribution":"© OpenStreetMap contributors","attribution_license":"Open Database License","attribution_url":"https://www.openstreetmap.org/copyright"},"geometry":{"type":"Point","coordinates":[-122.271356,37.8044557]}},{"type":"Feature","properties":{"original_COUNTY":"Alameda","original_YEAR":2024,"original_STREET_ADDRESS":"5527 VICENTE WY, Oakland, CA 94609","original_PROJECT_NAME":"SB 330 Application Demolition of existing single-family home and construction of 14 new three-story townhome-style units.   Parcel map for condominium purposes.   Density bonus project including one unit deed restricted for very low income households.","original_HOUSING_UNITS":5,"original_STATE":"California","latitude":37.8044557,"longitude":-122.271356,"formatted":"Oakland, CA, United States of America","name":"","housenumber":"","street":"","postcode":"","district":"","suburb":"","city":"Oakland","county_code":"","county":"Alameda County","state":"California","state_code":"CA","country":"United States","country_code":"us","confidence":0.5,"confidence_city_level":1,"confidence_street_level":"","confidence_building_level":"","attribution":"© OpenStreetMap contributors","attribution_license":"Open Database License","attribution_url":"https://www.openstreetmap.org/copyright"},"geometry":{"type":"Point","coordinates":[-122.271356,37.8044557]}},{"type":"Feature","properties":{"original_COUNTY":"Alameda","original_YEAR":2024,"original_STREET_ADDRESS":"27881 Manon Ave\nHayward, CA 94544","original_PROJECT_NAME":"Manon Townhomes - Tract 8600 - 27865 Manon","original_HOUSING_UNITS":"SFA","original_STATE":"California","latitude":37.6688205,"longitude":-122.080796,"formatted":"Hayward, CA, United States of America","name":"","housenumber":"","street":"","postcode":"","district":"","suburb":"","city":"Hayward","county_code":"","county":"Alameda County","state":"California","state_code":"CA","country":"United States","country_code":"us","confidence":0.5,"confidence_city_level":1,"confidence_street_level":"","confidence_building_level":"","attribution":"© OpenStreetMap contributors","attribution_license":"Open Database License","attribution_url":"https://www.openstreetmap.org/copyright"},"geometry":{"type":"Point","coordinates":[-122.080796,37.6688205]}},{"type":"Feature","properties":{"original_COUNTY":"Alameda","original_YEAR":2024,"original_STREET_ADDRESS":"27911 Manon Ave\nHayward, CA 94544","original_PROJECT_NAME":"Manon Townhomes - Tract 8600 - 27865 Manon","original_HOUSING_UNITS":"SFA","original_STATE":"California","latitude":37.6688205,"longitude":-122.080796,"formatted":"Hayward, CA, United States of America","name":"","housenumber":"","street":"","postcode":"","district":"","suburb":"","city":"Hayward","county_code":"","county":"Alameda County","state":"California","state_code":"CA","country":"United States","country_code":"us","confidence":0.5,"confidence_city_level":1,"confidence_street_level":"","confidence_building_level":"","attribution":"© OpenStreetMap contributors","attribution_license":"Open Database License","attribution_url":"https://www.openstreetmap.org/copyright"},"geometry":{"type":"Point","coordinates":[-122.080796,37.6688205]}},{"type":"Feature","properties":{"original_COUNTY":"Alameda","original_YEAR":2024,"original_STREET_ADDRESS":"27855 Manon Ave\nHayward, CA 94544","original_PROJECT_NAME":"Manon Townhomes - Tract 8600 - 27865 Manon","original_HOUSING_UNITS":"SFA","original_STATE":"California","latitude":37.6688205,"longitude":-122.080796,"formatted":"Hayward, CA, United States of America","name":"","housenumber":"","street":"","postcode":"","district":"","suburb":"","city":"Hayward","county_code":"","county":"Alameda County","state":"California","state_code":"CA","country":"United States","country_code":"us","confidence":0.5,"confidence_city_level":1,"confidence_street_level":"","confidence_building_level":"","attribution":"© OpenStreetMap contributors","attribution_license":"Open Database License","attribution_url":"https://www.openstreetmap.org/copyright"},"geometry":{"type":"Point","coordinates":[-122.080796,37.6688205]}},{"type":"Feature","properties":{"original_COUNTY":"Alameda","original_YEAR":2024,"original_STREET_ADDRESS":"27903 Manon Ave\nHayward, CA 94544","original_PROJECT_NAME":"Manon Townhomes - Tract 8600 - 27865 Manon","original_HOUSING_UNITS":"SFA","original_STATE":"California","latitude":37.6688205,"longitude":-122.080796,"formatted":"Hayward, CA, United States of America","name":"","housenumber":"","street":"","postcode":"","district":"","suburb":"","city":"Hayward","county_code":"","county":"Alameda County","state":"California","state_code":"CA","country":"United States","country_code":"us","confidence":0.5,"confidence_city_level":1,"confidence_street_level":"","confidence_building_level":"","attribution":"© OpenStreetMap contributors","attribution_license":"Open Database License","attribution_url":"https://www.openstreetmap.org/copyright"},"geometry":{"type":"Point","coordinates":[-122.080796,37.6688205]}},{"type":"Feature","properties":{"original_COUNTY":"Alameda","original_YEAR":2024,"original_STREET_ADDRESS":"27863 Manon Ave\nHayward, CA 94544","original_PROJECT_NAME":"Manon Townhomes - Tract 8600 - 27865 Manon","original_HOUSING_UNITS":"SFA","original_STATE":"California","latitude":37.6688205,"longitude":-122.080796,"formatted":"Hayward, CA, United States of America","name":"","housenumber":"","street":"","postcode":"","district":"","suburb":"","city":"Hayward","county_code":"","county":"Alameda County","state":"California","state_code":"CA","country":"United States","country_code":"us","confidence":0.5,"confidence_city_level":1,"confidence_street_level":"","confidence_building_level":"","attribution":"© OpenStreetMap contributors","attribution_license":"Open Database License","attribution_url":"https://www.openstreetmap.org/copyright"},"geometry":{"type":"Point","coordinates":[-122.080796,37.6688205]}},{"type":"Feature","properties":{"original_COUNTY":"Alameda","original_YEAR":2024,"original_STREET_ADDRESS":"27859 Manon Ave\nHayward, CA 94544","original_PROJECT_NAME":"Manon Townhomes - Tract 8600 - 27865 Manon","original_HOUSING_UNITS":"SFA","original_STATE":"California","latitude":37.6688205,"longitude":-122.080796,"formatted":"Hayward, CA, United States of America","name":"","housenumber":"","street":"","postcode":"","district":"","suburb":"","city":"Hayward","county_code":"","county":"Alameda County","state":"California","state_code":"CA","country":"United States","country_code":"us","confidence":0.5,"confidence_city_level":1,"confidence_street_level":"","confidence_building_level":"","attribution":"© OpenStreetMap contributors","attribution_license":"Open Database License","attribution_url":"https://www.openstreetmap.org/copyright"},"geometry":{"type":"Point","coordinates":[-122.080796,37.6688205]}},{"type":"Feature","properties":{"original_COUNTY":"Alameda","original_YEAR":2024,"original_STREET_ADDRESS":"27909 Manon Ave\nHayward, CA 94544","original_PROJECT_NAME":"Manon Townhomes - Tract 8600 - 27865 Manon","original_HOUSING_UNITS":"SFA","original_STATE":"California","latitude":37.6688205,"longitude":-122.080796,"formatted":"Hayward, CA, United States of America","name":"","housenumber":"","street":"","postcode":"","district":"","suburb":"","city":"Hayward","county_code":"","county":"Alameda County","state":"California","state_code":"CA","country":"United States","country_code":"us","confidence":0.5,"confidence_city_level":1,"confidence_street_level":"","confidence_building_level":"","attribution":"© OpenStreetMap contributors","attribution_license":"Open Database License","attribution_url":"https://www.openstreetmap.org/copyright"},"geometry":{"type":"Point","coordinates":[-122.080796,37.6688205]}},{"type":"Feature","properties":{"original_COUNTY":"Alameda","original_YEAR":2024,"original_STREET_ADDRESS":"27897 Manon Ave\nHayward, CA 94544","original_PROJECT_NAME":"Manon Townhomes - Tract 8600 - 27865 Manon","original_HOUSING_UNITS":"SFA","original_STATE":"California","latitude":37.6688205,"longitude":-122.080796,"formatted":"Hayward, CA, United States of America","name":"","housenumber":"","street":"","postcode":"","district":"","suburb":"","city":"Hayward","county_code":"","county":"Alameda County","state":"California","state_code":"CA","country":"United States","country_code":"us","confidence":0.5,"confidence_city_level":1,"confidence_street_level":"","confidence_building_level":"","attribution":"© OpenStreetMap contributors","attribution_license":"Open Database License","attribution_url":"https://www.openstreetmap.org/copyright"},"geometry":{"type":"Point","coordinates":[-122.080796,37.6688205]}},{"type":"Feature","properties":{"original_COUNTY":"Alameda","original_YEAR":2024,"original_STREET_ADDRESS":"27853 Manon Ave\nHayward, CA 94544","original_PROJECT_NAME":"Manon Townhomes - Tract 8600 - 27865 Manon","original_HOUSING_UNITS":"SFA","original_STATE":"California","latitude":37.6688205,"longitude":-122.080796,"formatted":"Hayward, CA, United States of America","name":"","housenumber":"","street":"","postcode":"","district":"","suburb":"","city":"Hayward","county_code":"","county":"Alameda County","state":"California","state_code":"CA","country":"United States","country_code":"us","confidence":0.5,"confidence_city_level":1,"confidence_street_level":"","confidence_building_level":"","attribution":"© OpenStreetMap contributors","attribution_license":"Open Database License","attribution_url":"https://www.openstreetmap.org/copyright"},"geometry":{"type":"Point","coordinates":[-122.080796,37.6688205]}},{"type":"Feature","properties":{"original_COUNTY":"Alameda","original_YEAR":2024,"original_STREET_ADDRESS":"27877 Manon Ave\nHayward, CA 94544","original_PROJECT_NAME":"Manon Townhomes - Tract 8600 - 27865 Manon","original_HOUSING_UNITS":"SFA","original_STATE":"California","latitude":37.6688205,"longitude":-122.080796,"formatted":"Hayward, CA, United States of America","name":"","housenumber":"","street":"","postcode":"","district":"","suburb":"","city":"Hayward","county_code":"","county":"Alameda County","state":"California","state_code":"CA","country":"United States","country_code":"us","confidence":0.5,"confidence_city_level":1,"confidence_street_level":"","confidence_building_level":"","attribution":"© OpenStreetMap contributors","attribution_license":"Open Database License","attribution_url":"https://www.openstreetmap.org/copyright"},"geometry":{"type":"Point","coordinates":[-122.080796,37.6688205]}},{"type":"Feature","properties":{"original_COUNTY":"Alameda","original_YEAR":2024,"original_STREET_ADDRESS":"27907 Manon Ave\nHayward, CA 94544","original_PROJECT_NAME":"Manon Townhomes - Tract 8600 - 27865 Manon","original_HOUSING_UNITS":"SFA","original_STATE":"California","latitude":37.6688205,"longitude":-122.080796,"formatted":"Hayward, CA, United States of America","name":"","housenumber":"","street":"","postcode":"","district":"","suburb":"","city":"Hayward","county_code":"","county":"Alameda County","state":"California","state_code":"CA","country":"United States","country_code":"us","confidence":0.5,"confidence_city_level":1,"confidence_street_level":"","confidence_building_level":"","attribution":"© OpenStreetMap contributors","attribution_license":"Open Database License","attribution_url":"https://www.openstreetmap.org/copyright"},"geometry":{"type":"Point","coordinates":[-122.080796,37.6688205]}},{"type":"Feature","properties":{"original_COUNTY":"Alameda","original_YEAR":2024,"original_STREET_ADDRESS":"27901 Manon Ave\nHayward, CA 94544","original_PROJECT_NAME":"Manon Townhomes - Tract 8600 - 27865 Manon","original_HOUSING_UNITS":"SFA","original_STATE":"California","latitude":37.6688205,"longitude":-122.080796,"formatted":"Hayward, CA, United States of America","name":"","housenumber":"","street":"","postcode":"","district":"","suburb":"","city":"Hayward","county_code":"","county":"Alameda County","state":"California","state_code":"CA","country":"United States","country_code":"us","confidence":0.5,"confidence_city_level":1,"confidence_street_level":"","confidence_building_level":"","attribution":"© OpenStreetMap contributors","attribution_license":"Open Database License","attribution_url":"https://www.openstreetmap.org/copyright"},"geometry":{"type":"Point","coordinates":[-122.080796,37.6688205]}},{"type":"Feature","properties":{"original_COUNTY":"Alameda","original_YEAR":2024,"original_STREET_ADDRESS":"27919 Manon Ave\nHayward, CA 94544","original_PROJECT_NAME":"Manon Townhomes - Tract 8600 - 27865 Manon","original_HOUSING_UNITS":"SFA","original_STATE":"California","latitude":37.6688205,"longitude":-122.080796,"formatted":"Hayward, CA, United States of America","name":"","housenumber":"","street":"","postcode":"","district":"","suburb":"","city":"Hayward","county_code":"","county":"Alameda County","state":"California","state_code":"CA","country":"United States","country_code":"us","confidence":0.5,"confidence_city_level":1,"confidence_street_level":"","confidence_building_level":"","attribution":"© OpenStreetMap contributors","attribution_license":"Open Database License","attribution_url":"https://www.openstreetmap.org/copyright"},"geometry":{"type":"Point","coordinates":[-122.080796,37.6688205]}},{"type":"Feature","properties":{"original_COUNTY":"Alameda","original_YEAR":2024,"original_STREET_ADDRESS":"27917 Manon Ave\nHayward, CA 94544","original_PROJECT_NAME":"Manon Townhomes - Tract 8600 - 27865 Manon","original_HOUSING_UNITS":"SFA","original_STATE":"California","latitude":37.6688205,"longitude":-122.080796,"formatted":"Hayward, CA, United States of America","name":"","housenumber":"","street":"","postcode":"","district":"","suburb":"","city":"Hayward","county_code":"","county":"Alameda County","state":"California","state_code":"CA","country":"United States","country_code":"us","confidence":0.5,"confidence_city_level":1,"confidence_street_level":"","confidence_building_level":"","attribution":"© OpenStreetMap contributors","attribution_license":"Open Database License","attribution_url":"https://www.openstreetmap.org/copyright"},"geometry":{"type":"Point","coordinates":[-122.080796,37.6688205]}},{"type":"Feature","properties":{"original_COUNTY":"Alameda","original_YEAR":2024,"original_STREET_ADDRESS":"27883 Manon Ave\nHayward, CA 94544","original_PROJECT_NAME":"Manon Townhomes - Tract 8600 - 27865 Manon","original_HOUSING_UNITS":"SFA","original_STATE":"California","latitude":37.6688205,"longitude":-122.080796,"formatted":"Hayward, CA, United States of America","name":"","housenumber":"","street":"","postcode":"","district":"","suburb":"","city":"Hayward","county_code":"","county":"Alameda County","state":"California","state_code":"CA","country":"United States","country_code":"us","confidence":0.5,"confidence_city_level":1,"confidence_street_level":"","confidence_building_level":"","attribution":"© OpenStreetMap contributors","attribution_license":"Open Database License","attribution_url":"https://www.openstreetmap.org/copyright"},"geometry":{"type":"Point","coordinates":[-122.080796,37.6688205]}},{"type":"Feature","properties":{"original_COUNTY":"Alameda","original_YEAR":2024,"original_STREET_ADDRESS":"14235 Bancroft Ave, San Leandro, CA 94578","original_PROJECT_NAME":"Firm Foundation Microhome Village","original_HOUSING_UNITS":"SFD","original_STATE":"California","latitude":37.7249296,"longitude":-122.1560768,"formatted":"San Leandro, CA, United States of America","name":"","housenumber":"","street":"","postcode":"","district":"","suburb":"","city":"San Leandro","county_code":"","county":"Alameda County","state":"California","state_code":"CA","country":"United States","country_code":"us","confidence":0.5,"confidence_city_level":1,"confidence_street_level":"","confidence_building_level":"","attribution":"© OpenStreetMap contributors","attribution_license":"Open Database License","attribution_url":"https://www.openstreetmap.org/copyright"},"geometry":{"type":"Point","coordinates":[-122.1560768,37.7249296]}},{"type":"Feature","properties":{"original_COUNTY":"Alameda","original_YEAR":2024,"original_STREET_ADDRESS":"27923 Manon Ave\nHayward, CA 94544","original_PROJECT_NAME":"Manon Townhomes - Tract 8600 - 27865 Manon","original_HOUSING_UNITS":"SFA","original_STATE":"California","latitude":37.6688205,"longitude":-122.080796,"formatted":"Hayward, CA, United States of America","name":"","housenumber":"","street":"","postcode":"","district":"","suburb":"","city":"Hayward","county_code":"","county":"Alameda County","state":"California","state_code":"CA","country":"United States","country_code":"us","confidence":0.5,"confidence_city_level":1,"confidence_street_level":"","confidence_building_level":"","attribution":"© OpenStreetMap contributors","attribution_license":"Open Database License","attribution_url":"https://www.openstreetmap.org/copyright"},"geometry":{"type":"Point","coordinates":[-122.080796,37.6688205]}},{"type":"Feature","properties":{"original_COUNTY":"Alameda","original_YEAR":2024,"original_STREET_ADDRESS":"27851 Manon Ave\nHayward, CA 94544","original_PROJECT_NAME":"Manon Townhomes - Tract 8600 - 27865 Manon","original_HOUSING_UNITS":"SFA","original_STATE":"California","latitude":37.6688205,"longitude":-122.080796,"formatted":"Hayward, CA, United States of America","name":"","housenumber":"","street":"","postcode":"","district":"","suburb":"","city":"Hayward","county_code":"","county":"Alameda County","state":"California","state_code":"CA","country":"United States","country_code":"us","confidence":0.5,"confidence_city_level":1,"confidence_street_level":"","confidence_building_level":"","attribution":"© OpenStreetMap contributors","attribution_license":"Open Database License","attribution_url":"https://www.openstreetmap.org/copyright"},"geometry":{"type":"Point","coordinates":[-122.080796,37.6688205]}},{"type":"Feature","properties":{"original_COUNTY":"Alameda","original_YEAR":2024,"original_STREET_ADDRESS":"27921 Manon Ave\nHayward, CA 94544","original_PROJECT_NAME":"Manon Townhomes - Tract 8600 - 27865 Manon","original_HOUSING_UNITS":"SFA","original_STATE":"California","latitude":37.6688205,"longitude":-122.080796,"formatted":"Hayward, CA, United States of America","name":"","housenumber":"","street":"","postcode":"","district":"","suburb":"","city":"Hayward","county_code":"","county":"Alameda County","state":"California","state_code":"CA","country":"United States","country_code":"us","confidence":0.5,"confidence_city_level":1,"confidence_street_level":"","confidence_building_level":"","attribution":"© OpenStreetMap contributors","attribution_license":"Open Database License","attribution_url":"https://www.openstreetmap.org/copyright"},"geometry":{"type":"Point","coordinates":[-122.080796,37.6688205]}},{"type":"Feature","properties":{"original_COUNTY":"Alameda","original_YEAR":2024,"original_STREET_ADDRESS":"27867 Manon Ave\nHayward, CA 94544","original_PROJECT_NAME":"Manon Townhomes - Tract 8600 - 27865 Manon","original_HOUSING_UNITS":"SFA","original_STATE":"California","latitude":37.6688205,"longitude":-122.080796,"formatted":"Hayward, CA, United States of America","name":"","housenumber":"","street":"","postcode":"","district":"","suburb":"","city":"Hayward","county_code":"","county":"Alameda County","state":"California","state_code":"CA","country":"United States","country_code":"us","confidence":0.5,"confidence_city_level":1,"confidence_street_level":"","confidence_building_level":"","attribution":"© OpenStreetMap contributors","attribution_license":"Open Database License","attribution_url":"https://www.openstreetmap.org/copyright"},"geometry":{"type":"Point","coordinates":[-122.080796,37.6688205]}},{"type":"Feature","properties":{"original_COUNTY":"Alameda","original_YEAR":2024,"original_STREET_ADDRESS":"27879 Manon Ave\nHayward, CA 94544","original_PROJECT_NAME":"Manon Townhomes - Tract 8600 - 27865 Manon","original_HOUSING_UNITS":"SFA","original_STATE":"California","latitude":37.6688205,"longitude":-122.080796,"formatted":"Hayward, CA, United States of America","name":"","housenumber":"","street":"","postcode":"","district":"","suburb":"","city":"Hayward","county_code":"","county":"Alameda County","state":"California","state_code":"CA","country":"United States","country_code":"us","confidence":0.5,"confidence_city_level":1,"confidence_street_level":"","confidence_building_level":"","attribution":"© OpenStreetMap contributors","attribution_license":"Open Database License","attribution_url":"https://www.openstreetmap.org/copyright"},"geometry":{"type":"Point","coordinates":[-122.080796,37.6688205]}},{"type":"Feature","properties":{"original_COUNTY":"Alameda","original_YEAR":2024,"original_STREET_ADDRESS":"27899 Manon Ave\nHayward, CA 94544","original_PROJECT_NAME":"Manon Townhomes - Tract 8600 - 27865 Manon","original_HOUSING_UNITS":"SFA","original_STATE":"California","latitude":37.6688205,"longitude":-122.080796,"formatted":"Hayward, CA, United States of America","name":"","housenumber":"","street":"","postcode":"","district":"","suburb":"","city":"Hayward","county_code":"","county":"Alameda County","state":"California","state_code":"CA","country":"United States","country_code":"us","confidence":0.5,"confidence_city_level":1,"confidence_street_level":"","confidence_building_level":"","attribution":"© OpenStreetMap contributors","attribution_license":"Open Database License","attribution_url":"https://www.openstreetmap.org/copyright"},"geometry":{"type":"Point","coordinates":[-122.080796,37.6688205]}},{"type":"Feature","properties":{"original_COUNTY":"Alameda","original_YEAR":2024,"original_STREET_ADDRESS":"27861 Manon Ave\nHayward, CA 94544","original_PROJECT_NAME":"Manon Townhomes - Tract 8600 - 27865 Manon","original_HOUSING_UNITS":"SFA","original_STATE":"California","latitude":37.6688205,"longitude":-122.080796,"formatted":"Hayward, CA, United States of America","name":"","housenumber":"","street":"","postcode":"","district":"","suburb":"","city":"Hayward","county_code":"","county":"Alameda County","state":"California","state_code":"CA","country":"United States","country_code":"us","confidence":0.5,"confidence_city_level":1,"confidence_street_level":"","confidence_building_level":"","attribution":"© OpenStreetMap contributors","attribution_license":"Open Database License","attribution_url":"https://www.openstreetmap.org/copyright"},"geometry":{"type":"Point","coordinates":[-122.080796,37.6688205]}},{"type":"Feature","properties":{"original_COUNTY":"Alameda","original_YEAR":2024,"original_STREET_ADDRESS":"THORNTON AVENUE & OLIVE STREET","original_PROJECT_NAME":"LEPAKSHI HOMES PROJECT","original_HOUSING_UNITS":5,"original_STATE":"California","latitude":37.530844,"longitude":-122.035582,"formatted":"Thornton Avenue & Olive Street, Thornton Avenue, Newark, CA 94560, United States of America","name":"Thornton Avenue & Olive Street","housenumber":"","street":"Thornton Avenue","postcode":94560,"district":"","suburb":"","city":"Newark","county_code":"AA","county":"Alameda County","state":"California","state_code":"CA","country":"United States","country_code":"us","confidence":1,"confidence_city_level":1,"confidence_street_level":1,"confidence_building_level":"","attribution":"© OpenStreetMap contributors","attribution_license":"Open Database License","attribution_url":"https://www.openstreetmap.org/copyright"},"geometry":{"type":"Point","coordinates":[-122.035582,37.530844]}},{"type":"Feature","properties":{"original_COUNTY":"San Francisco","original_YEAR":2024,"original_STREET_ADDRESS":"3601 LAWTON ST","original_PROJECT_NAME":"3601 LAWTON ST","original_HOUSING_UNITS":5,"original_STATE":"California","latitude":37.75653625,"longitude":-122.501713648431,"formatted":"3601 Lawton Street, San Francisco, CA 94122, United States of America","name":"","housenumber":3601,"street":"Lawton Street","postcode":94122,"district":"","suburb":"Sunset District","city":"San Francisco","county_code":"","county":"","state":"California","state_code":"CA","country":"United States","country_code":"us","confidence":1,"confidence_city_level":1,"confidence_street_level":1,"confidence_building_level":1,"attribution":"© OpenStreetMap contributors","attribution_license":"Open Database License","attribution_url":"https://www.openstreetmap.org/copyright"},"geometry":{"type":"Point","coordinates":[-122.5017136,37.7565363]}},{"type":"Feature","properties":{"original_COUNTY":"San Francisco","original_YEAR":2024,"original_STREET_ADDRESS":"2675 FOLSOM ST","original_PROJECT_NAME":"2675 Folsom Street","original_HOUSING_UNITS":5,"original_STATE":"California","latitude":37.754854,"longitude":-122.414065602945,"formatted":"2675 Folsom Street, San Francisco, CA 90110, United States of America","name":"","housenumber":2675,"street":"Folsom Street","postcode":90110,"district":"","suburb":"Mission District","city":"San Francisco","county_code":"","county":"","state":"California","state_code":"CA","country":"United States","country_code":"us","confidence":1,"confidence_city_level":1,"confidence_street_level":1,"confidence_building_level":1,"attribution":"© OpenStreetMap contributors","attribution_license":"Open Database License","attribution_url":"https://www.openstreetmap.org/copyright"},"geometry":{"type":"Point","coordinates":[-122.4140656,37.754854]}},{"type":"Feature","properties":{"original_COUNTY":"San Francisco","original_YEAR":2024,"original_STREET_ADDRESS":"468 TURK ST","original_PROJECT_NAME":"468 TURK ST - Modified Project","original_HOUSING_UNITS":5,"original_STATE":"California","latitude":37.782639,"longitude":-122.416891,"formatted":"468 Turk Street, San Francisco, CA 94102, United States of America","name":"","housenumber":468,"street":"Turk Street","postcode":94102,"district":"","suburb":"Tenderloin","city":"San Francisco","county_code":"SF","county":"San Francisco County","state":"California","state_code":"CA","country":"United States","country_code":"us","confidence":1,"confidence_city_level":1,"confidence_street_level":1,"confidence_building_level":1,"attribution":"© OpenAddresses contributors","attribution_license":"BSD-3-Clause License","attribution_url":""},"geometry":{"type":"Point","coordinates":[-122.416891,37.782639]}},{"type":"Feature","properties":{"original_COUNTY":"San Francisco","original_YEAR":2024,"original_STREET_ADDRESS":"896 FOLSOM ST","original_PROJECT_NAME":"896 FOLSOM ST","original_HOUSING_UNITS":5,"original_STATE":"California","latitude":37.7804423368414,"longitude":-122.403309053227,"formatted":"896 Folsom Street, San Francisco, CA 94107, United States of America","name":"","housenumber":896,"street":"Folsom Street","postcode":94107,"district":"West SoMa","suburb":"South of Market","city":"San Francisco","county_code":"","county":"","state":"California","state_code":"CA","country":"United States","country_code":"us","confidence":1,"confidence_city_level":1,"confidence_street_level":1,"confidence_building_level":1,"attribution":"© OpenStreetMap contributors","attribution_license":"Open Database License","attribution_url":"https://www.openstreetmap.org/copyright"},"geometry":{"type":"Point","coordinates":[-122.4033091,37.7804423]}},{"type":"Feature","properties":{"original_COUNTY":"San Francisco","original_YEAR":2024,"original_STREET_ADDRESS":"34 WOODWARD ST","original_PROJECT_NAME":"34 WOODWARD ST","original_HOUSING_UNITS":"ADU","original_STATE":"California","latitude":37.76934,"longitude":-122.420986,"formatted":"34 Woodward Street, San Francisco, CA 94103, United States of America","name":"","housenumber":34,"street":"Woodward Street","postcode":94103,"district":"","suburb":"Mission","city":"San Francisco","county_code":"SF","county":"San Francisco County","state":"California","state_code":"CA","country":"United States","country_code":"us","confidence":1,"confidence_city_level":1,"confidence_street_level":1,"confidence_building_level":1,"attribution":"© OpenAddresses contributors","attribution_license":"BSD-3-Clause License","attribution_url":""},"geometry":{"type":"Point","coordinates":[-122.420986,37.76934]}},{"type":"Feature","properties":{"original_COUNTY":"San Francisco","original_YEAR":2024,"original_STREET_ADDRESS":"880 MCALLISTER ST","original_PROJECT_NAME":"880 MCALLISTER ST","original_HOUSING_UNITS":5,"original_STATE":"California","latitude":37.7793931402919,"longitude":-122.426420983234,"formatted":"880 McAllister Street, San Francisco, CA 94102, United States of America","name":"","housenumber":880,"street":"McAllister Street","postcode":94102,"district":"","suburb":"Western Addition","city":"San Francisco","county_code":"","county":"","state":"California","state_code":"CA","country":"United States","country_code":"us","confidence":1,"confidence_city_level":1,"confidence_street_level":1,"confidence_building_level":1,"attribution":"© OpenStreetMap contributors","attribution_license":"Open Database License","attribution_url":"https://www.openstreetmap.org/copyright"},"geometry":{"type":"Point","coordinates":[-122.426421,37.7793931]}},{"type":"Feature","properties":{"original_COUNTY":"Alameda","original_YEAR":2023,"original_STREET_ADDRESS":"27287 Patrick Ave","original_PROJECT_NAME":"","original_HOUSING_UNITS":"2 to 4","original_STATE":"California","latitude":37.63614497264,"longitude":-122.07938578554,"formatted":"27287 Patrick Avenue, Hayward, CA 94544, United States of America","name":"","housenumber":27287,"street":"Patrick Avenue","postcode":94544,"district":"","suburb":"","city":"Hayward","county_code":"","county":"Alameda County","state":"California","state_code":"CA","country":"United States","country_code":"us","confidence":1,"confidence_city_level":1,"confidence_street_level":1,"confidence_building_level":1,"attribution":"© OpenStreetMap contributors","attribution_license":"Open Database License","attribution_url":"https://www.openstreetmap.org/copyright"},"geometry":{"type":"Point","coordinates":[-122.0793858,37.636145]}},{"type":"Feature","properties":{"original_COUNTY":"Alameda","original_YEAR":2023,"original_STREET_ADDRESS":"966 B St","original_PROJECT_NAME":"","original_HOUSING_UNITS":5,"original_STATE":"California","latitude":37.6726353033951,"longitude":-122.083229314098,"formatted":"966 B Street, Hayward, CA 94541, United States of America","name":"","housenumber":966,"street":"B Street","postcode":94541,"district":"","suburb":"","city":"Hayward","county_code":"","county":"Alameda County","state":"California","state_code":"CA","country":"United States","country_code":"us","confidence":1,"confidence_city_level":1,"confidence_street_level":1,"confidence_building_level":1,"attribution":"© OpenStreetMap contributors","attribution_license":"Open Database License","attribution_url":"https://www.openstreetmap.org/copyright"},"geometry":{"type":"Point","coordinates":[-122.0832293,37.6726353]}},{"type":"Feature","properties":{"original_COUNTY":"San Francisco","original_YEAR":2024,"original_STREET_ADDRESS":"3333 MISSION ST","original_PROJECT_NAME":"3333 MISSION ST","original_HOUSING_UNITS":5,"original_STATE":"California","latitude":37.7434873,"longitude":-122.4209958,"formatted":"Big Lots, 3333 Mission Street, San Francisco, CA 94110, United States of America","name":"Big Lots","housenumber":3333,"street":"Mission Street","postcode":94110,"district":"","suburb":"Bernal Heights","city":"San Francisco","county_code":"","county":"","state":"California","state_code":"CA","country":"United States","country_code":"us","confidence":1,"confidence_city_level":1,"confidence_street_level":1,"confidence_building_level":1,"attribution":"© OpenStreetMap contributors","attribution_license":"Open Database License","attribution_url":"https://www.openstreetmap.org/copyright"},"geometry":{"type":"Point","coordinates":[-122.4209958,37.7434873]}},{"type":"Feature","properties":{"original_COUNTY":"San Francisco","original_YEAR":2024,"original_STREET_ADDRESS":"3300 GEARY BLVD","original_PROJECT_NAME":"3300, 3308 & 3330 GEARY BLVD","original_HOUSING_UNITS":5,"original_STATE":"California","latitude":37.781763,"longitude":-122.4543551,"formatted":"3300 Geary Boulevard, San Francisco, CA 94118, United States of America","name":"","housenumber":3300,"street":"Geary Boulevard","postcode":94118,"district":"Jordan Park","suburb":"","city":"San Francisco","county_code":"","county":"","state":"California","state_code":"CA","country":"United States","country_code":"us","confidence":1,"confidence_city_level":1,"confidence_street_level":1,"confidence_building_level":1,"attribution":"© OpenStreetMap contributors","attribution_license":"Open Database License","attribution_url":"https://www.openstreetmap.org/copyright"},"geometry":{"type":"Point","coordinates":[-122.4543551,37.781763]}},{"type":"Feature","properties":{"original_COUNTY":"San Francisco","original_YEAR":2024,"original_STREET_ADDRESS":"150 09TH ST","original_PROJECT_NAME":"150 9TH STREET","original_HOUSING_UNITS":5,"original_STATE":"California","latitude":37.77547,"longitude":-122.413986,"formatted":"150 09th Street, San Francisco, CA 94103, United States of America","name":"","housenumber":150,"street":"09th Street","postcode":94103,"district":"","suburb":"South of Market","city":"San Francisco","county_code":"SF","county":"San Francisco County","state":"California","state_code":"CA","country":"United States","country_code":"us","confidence":1,"confidence_city_level":1,"confidence_street_level":1,"confidence_building_level":1,"attribution":"© OpenAddresses contributors","attribution_license":"BSD-3-Clause License","attribution_url":""},"geometry":{"type":"Point","coordinates":[-122.413986,37.77547]}},{"type":"Feature","properties":{"original_COUNTY":"Alameda","original_YEAR":2023,"original_STREET_ADDRESS":"22500 Grand ST\nHAYWARD, CA 94541","original_PROJECT_NAME":"CCH - 603 A  Street","original_HOUSING_UNITS":5,"original_STATE":"California","latitude":37.6688205,"longitude":-122.080796,"formatted":"Hayward, CA, United States of America","name":"","housenumber":"","street":"","postcode":"","district":"","suburb":"","city":"Hayward","county_code":"","county":"Alameda County","state":"California","state_code":"CA","country":"United States","country_code":"us","confidence":0.5,"confidence_city_level":1,"confidence_street_level":"","confidence_building_level":"","attribution":"© OpenStreetMap contributors","attribution_license":"Open Database License","attribution_url":"https://www.openstreetmap.org/copyright"},"geometry":{"type":"Point","coordinates":[-122.080796,37.6688205]}}]}